,label,content
0,1,你的電訊發票中獎了嗎？
1,1,你是否有中獎的電訊發票？
2,1,你有沒有榜上有名的電訊發票中獎了？
3,1,電訊發票是否為中獎者之一？
4,1,是否有任何一張你的電訊發票中獎呢？
5,1,查一查你的電訊發票是否為中獎號碼吧！
6,1,有沒有發現你的電訊發票中了大獎？
7,1,請問你的電訊發票是否為中獎紀錄的一份子？
8,1,您有沒有考慮可能會有一張電訊發票中獎呢？
9,1,最近有沒有收到任何一張電訊發票中獎通知？
10,1,這張電信財政票據是否中獎？
11,1,你買的那張電信財政票據中獎了沒有？
12,1,請問你手上的那張電信財政票據是否中獎？
13,1,我不知道這張電信財政票據中獎了沒有，你查一下吧。
14,1,請問這張電信財政票據是否中了大獎？
15,1,現在正是兌獎時間，你有握中這張電信財政票據的機會。
16,1,如果這張電信財政票據中獎了，你就可以換來豐厚的獎金。
17,1,有人聽說這個月的電信財政票據大獎是一百萬，你手上的那張中了嗎？
18,1,不管怎樣，這張電信財政票據一定要仔細檢查，不能放過任何一個中獎的機會。
19,1,你的運氣不錯，這張電信財政票據中了大獎！恭喜你！
20,1,你的電信發票中獎了嗎？
21,1,請問你有沒有中電信發票的獎項？
22,1,是否有幸中了你的電信發票？
23,1,你的電信發票有中獎的可能嗎？
24,1,你有參加電信發票的活動嗎？中了嗎？
25,1,是否有收到電信發票中獎的通知？
26,1,你的電信發票是否獲得獎項？
27,1,請問你的電信發票是否中了大獎？
28,1,你的電信發票是否有中小獎？
29,1,是否有機會讓你的電信發票中獎？
30,1,是否中獎，請查看電信收據儲存卡。
31,1,查看電信收據儲存卡，了解是否中獎。
32,1,有沒有中獎，可以通過電信收據儲存卡查看。
33,1,如果想知道中獎情況，可以查看電信收據儲存卡。
34,1,想知道是否中獎嗎？看看電信收據儲存卡就知道了。
35,1,要了解中獎與否，請查閱電信收據儲存卡。
36,1,電信收據儲存卡可以讓您知道是否中獎。
37,1,想知道中獎與否，可以透過電信收據儲存卡得知。
38,1,如果您不確定自己有沒有中獎，可以查看電信收據儲存卡。
39,1,大家都想知道自己是否中獎，這時候就可以查看電信收據儲存卡了。
40,1,你的電信銷售記錄單是否中獎了呢？
41,1,您是否被選中在本次電信銷售記錄單中獲得獎品呢？
42,1,你是否有幸被選中並中獎了呢？
43,1,恭喜你！你的電信銷售記錄單中了獎。
44,1,您的電信銷售記錄單是否中獎，讓我們來看看吧！
45,1,你的電信銷售記錄單是否走運中獎了呢？
46,1,您是否中了本次電信銷售記錄單中豐富的獎品呢？
47,1,恭喜你！你的電信銷售記錄單被選中並中了獎。
48,1,您的電信銷售記錄單是否有幸中獎了呢？
49,1,在本次電信銷售記錄單中，你是否有幸中了獎呢？
50,1,請問您的電信稅務憑證是否中獎？
51,1,您的電信稅務憑證是否有中獎？
52,1,請問您的電信稅務憑證是否獲得獎項？
53,1,您的電信稅務憑證是否得到中獎的好消息？
54,1,你的電信稅務憑證是否中了獎？
55,1,您是否有中電信稅務憑證的獎項？
56,1,您的電信稅務憑證是否有中選？
57,1,您是否擁有中獎的電信稅務憑證？
58,1,您的電信稅務憑證是否中得獎項？
59,1,關於您的電信稅務憑證，是否有中獎？
60,1,是否中獎的電信質保單據已經核實完畢了。
61,1,所有的電信質保單據都已經進行中獎檢查。
62,1,我們已經完成了對電信質保單據的中獎抽查。
63,1,已經驗證了所有電信質保單據是否中獎了。
64,1,我們確認了每張電信質保單據是否中獎。
65,1,所有的電信質保單據已經通過中獎檢測了。
66,1,我們已經驗證所有電信質保單據的中獎情況。
67,1,電信質保單據的中獎結果已經確認完畢了。
68,1,已經進行完對電信質保單據的中獎抽驗。
69,1,我們已經完成了對每張電信質保單據的中獎檢測。
70,1,電信繳費單是否中了獎？
71,1,電信賬單是否中了獎籤？
72,1,我繳的電信費有可能中獎嗎？
73,1,電信費用是否被抽中獎票？
74,1,我的繳費證是否中了電信獎？
75,1,電信賬單收據中是否有中獎信息？
76,1,電信繳費紀錄是否參與抽獎？
77,1,我繳的電話費有奬不奬？
78,1,電信繳費收據是否中了獎項？
79,1,有沒有可能我的電話賬單中了電信大獎？
80,1,電信貨物交換証中獎了嗎？
81,1,電信貨物交換証是否獲勝？
82,1,電信貨物交換証是否中了頭獎？
83,1,電信貨物交換証有沒有中大獎？
84,1,電信貨物交換証是否可獲得獎項？
85,1,電信貨物交換証是否有機會獲勝？
86,1,電信貨物交換証是否能中獎？
87,1,電信貨物交換証是否中了獎？
88,1,電信貨物交換証是否有機會中大獎？
89,1,電信貨物交換証是否為得獎號碼？
90,1,電信交易憑據是否中獎？
91,1,這份電信交易憑據是不是中獎了？
92,1,是否有幸中了這份電信交易憑據的獎金？
93,1,這份電信交易憑據是否中了獎，您可知道嗎？
94,1,您是否幸運地中了這份電信交易憑據的頭獎？
95,1,你知不知道你手上的這份電信交易憑據是否中獎？
96,1,您手上這份電信交易憑據是否有登上中獎名單的可能？
97,1,有人收到手上的這份電信交易憑據是否成為大贏家？
98,1,這份電信交易憑據是否有中獎的機會？
99,1,是否有幸成為這份電信交易憑據的中獎者？
100,1,電信買賣收據是否中獎的結果是否有喜人的收成呢？
101,1,電信買賣的收據有沒有中獎的好消息啊？
102,1,是否能夠從電信買賣的收據中獲得意料之外的中獎驚喜呢？
103,1,希望收到返利的顧客是否能夠從電信買賣的收據中得知中獎消息呢？
104,1,想知道自己是否有中獎的朋友們可以從電信買賣收據中得知結果嗎？
105,1,電信買賣的收據中會不會有意想不到的中獎驚喜呢？
106,1,想知道自己的電信買賣收據是否有中獎消息，就要等待揭曉了。
107,1,等待揭曉的結果中，電信買賣的收據是否有中獎的好消息呢？
108,1,電信買賣的收據是否有令人開心的中獎結果呢？
109,1,中獎驚喜是否隱藏在你的電信買賣收據中呢？
110,1,電信帳單發票是否中獎？
111,1,我的電信帳單發票有沒有中獎？
112,1,是否有中獎在我電信帳單發票上？
113,1,看看我的電信帳單發票是否中獎了？
114,1,我的電信帳單發票中獎了嗎？
115,1,這個月的電信帳單發票中有沒有中獎？
116,1,檢查一下我的電信帳單發票是否中獎了。
117,1,有沒有人中獎了？我要看看我的電信帳單發票。
118,1,我的電信帳單發票是不是有中獎的可能？
119,1,看看我的電信帳單發票上有沒有中獎的字樣。
120,1,是否中獎的通訊發票已公布了嗎？
121,1,我的通訊發票是否是中獎的呢？
122,1,你能告訴我我們公司的通訊發票是否中獎了嗎？
123,1,我很想知道我的通訊發票有沒有中獎。
124,1,通訊發票中獎名單已經公佈了嗎？
125,1,聽說通訊發票中獎的機率很低，我是否有中獎？
126,1,你能告訴我最近的發票中獎號碼是哪些嗎？
127,1,我的通訊費用裡有沒有可能包含中獎的通訊發票呢？
128,1,誰可以告訴我是否有人中了通訊發票的頭獎？
129,1,網站上公佈了通訊發票中獎名單，你可以去看看你有沒有中獎。
130,1,我的電信網發票是否中獎了呢？
131,1,電信網發票中獎了嗎？我要趕快去查一下！
132,1,我的電信網發票有沒有中獎呢？有點緊張啊。
133,1,想知道我的電信網發票是否中獎，真是讓我懸著了。
134,1,有人知道電信網發票是否中獎的方式嗎？可以教我一下嗎？
135,1,我好像已經等了好久，我的電信網發票中獎了嗎？
136,1,今天是開獎日，我好期待我的電信網發票能不能中獎。
137,1,我剛拿到了電信網發票，現在就想知道它是否中獎了。
138,1,好想知道我的電信網發票是不是中獎了，讓我快點去查一下吧。
139,1,電信網發票是否中獎可以在哪裡查詢呢？我需要知道它是否中獎了。
140,1,能否告訴我發票有沒有中獎？
141,1,我想知道我的發票有中獎嗎？
142,1,能否幫我查一下這張發票有沒有中獎？
143,1,我想詢問我的發票是否中獎了。
144,1,能否查詢一下我的發票是否中了獎？
145,1,我想確認一下這張發票是否中過獎。
146,1,能否讓我知道我的發票是否中了獎？
147,1,我想知道這張發票是否中了獎項。
148,1,能否查證一下這張發票是否中了獎？
149,1,我希望能夠知道我的發票是否中了獎項。
150,1,請問我的聯訊發票有沒有中獎？
151,1,聯訊發票中獎了嗎？
152,1,聯訊發票是不是中獎了？
153,1,我的聯訊發票中了獎項嗎？
154,1,聯訊發票是否中了獎金？
155,1,請問我有沒有中聯訊發票的獎項？
156,1,我的聯訊發票是否中了獎金？
157,1,聯訊發票是否有中獎？
158,1,請問聯訊發票是否中了獎項？
159,1,聯訊發票是否中了獎？
160,1,請稍等，我正在檢查您的電信發票是否中獎。
161,1,恭喜您，您的電信發票中了獎！
162,1,很遺憾，您的電信發票未中獎。
163,1,這是您兌領獎金的兌換券，請前往指定地點兌換。
164,1,請注意，電信發票僅限兌換一次，請妥善保管。
165,1,您的獎金已經成功兌換，請確認是否有任何疑問。
166,1,非常抱歉，您的電信發票已過期，無法兌換獎金。
167,1,謝謝您的參與，期待您的下一次投遞。
168,1,請輸入您的電信發票號碼，我們將為您進行兌獎操作。
169,1,為了保障您的權益，請注意選擇正規的兌換渠道兌換獎金。
170,1,是否中獎可以查詢嗎？
171,1,我可以查詢有沒有中獎嗎？
172,1,能不能請問一下中獎了沒？
173,1,該如何確認是否中獎？
174,1,能幫我查一下是否中獎了嗎？
175,1,是否中獎能否進行查詢？
176,1,查詢一下有沒有中獎好嗎？
177,1,您可以告訴我是否中獎了嗎？
178,1,能不能請您幫忙查一下是否中獎了呢？
179,1,是否中獎要怎麼查詢呢？
180,1,能否告知我是否獲獎？
181,1,我是否得獎了，您能查詢一下嗎？
182,1,能否幫我查詢一下是否得獎？
183,1,您能告知我是否獲得獎項嗎？
184,1,我想知道我是否獲得獎品，您能查詢一下嗎？
185,1,能否提供一下是否為得獎者的資訊？
186,1,我是否得獎了，能否請您查詢一下？
187,1,能否告訴我是否入選、獲獎？
188,1,我是否入選、得獎了，請問您能查詢一下嗎？
189,1,能否幫忙確認一下是否為獲獎者？
190,1,能否確認是否中樂透大獎？
191,1,可以幫我查詢我是否中獎了嗎？
192,1,能否告知我抽獎結果是否為中獎？
193,1,請問我是否獲得獎項？
194,1,可以查詢我是否抽中了獎品嗎？
195,1,能否告知我是否成功了得獎？
196,1,請問我抽獎結果是不是中獎了？
197,1,可以確認一下我是否被抽中了嗎？
198,1,能否幫我查詢是否中了彩票？
199,1,請問我是否中了機會獎？
200,1,是否有中獎？
201,1,是否得獎？
202,1,是否中了獎品？
203,1,是否有幸中選？
204,1,是否被抽中？
205,1,是否獲得抽獎機會？
206,1,是否有好運降臨？
207,1,是否成功了抽獎？
208,1,是否有獲得認可？
209,1,是否有機會獲得獎品？
210,1,我可以查詢是否獲獎嗎？
211,1,有沒有辦法查詢我是否獲獎？
212,1,請問我是否獲得任何獎項？
213,1,我可以知道自己是否獲得了獎金嗎？
214,1,我可以確認一下自己是否得到任何獎勵嗎？
215,1,能否通過系統查詢我的得獎情況？
216,1,能不能查詢我是否被授予獎章？
217,1,是否有任何方式可以查詢我的獎項？
218,1,有沒有辦法知道我是否獲得了任何表揚？
219,1,是否可以通過系統查詢我是否獲得了任何獎勵？
220,1,能否告知我是否中簽?
221,1,可以確認一下我是否中選了嗎?
222,1,能否核實一下是否被選中了呢?
223,1,能否幫我查一下有沒有中籤呢?
224,1,有辦法檢查一下我是否得票了嗎?
225,1,能否請您確定一下是否獲中標了呢?
226,1,可以查詢一下我是否通過了嗎?
227,1,能否幫我確認一下是否被抽中呢?
228,1,有沒有可能告訴我是否被挑選了呢?
229,1,能否幫我確認是否獲得了錄取呢?
230,1,我是否走運了呢？
231,1,是否有些幸運地事情正要發生呢？
232,1,今天是否運氣不錯呢？
233,1,是否會有好運降臨呢？
234,1,這次是否能夠幸運地獲得成功呢？
235,1,我是否被幸運之神眷顧了呢？
236,1,是否有幸運的星星照耀著我呢？
237,1,今天的運勢是否有些顯著呢？
238,1,這個月是否會有些閃耀的幸運降臨呢？
239,1,是否註定今天會有些好運呢？
240,1,是否查找成功？
241,1,查詢結果是否成功？
242,1,是否能成功查詢？
243,1,查詢是否取得成功？
244,1,是否成功查詢到資料？
245,1,查詢有沒有成功？
246,1,能否查詢成功？
247,1,是否查找到所需資訊？
248,1,查詢結果是否符合預期？
249,1,是否成功查詢到相關資訊？
250,1,這是一個優秀的作品嗎？
251,1,它是否合格成為佳作？
252,1,能否被評為優良作品？
253,1,這是否是一個出類拔萃的作品？
254,1,能否獲得佳作的稱號？
255,1,該作品是否符合佳作的標準？
256,1,是否有資格成為佳作？
257,1,能否稱為一部優秀的作品？
258,1,它是否達到佳作的要求？
259,1,是否值得把它評為佳作？
260,1,查詢是否勝
261,1,你贏了嗎？
262,1,你打贏了嗎？
263,1,你取得了勝利嗎？
264,1,你是不是贏家？
265,1,你是否戰勝了對手？
266,1,你戰勝了嗎？
267,1,你擊敗了對手嗎？
268,1,你是否獲得勝利？
269,1,你是否能夠稱為贏家？
270,1,你是不是勝出了？
271,1,我是否得到了榮譽？
272,1,請問我是否被授予了獎項？
273,1,是否有關於我獲獎的信息？
274,1,我是否脫穎而出，獲得了特殊榮譽？
275,1,能否告訴我是否被評為優秀？
276,1,我是否成功獲得獎勵？
277,1,是否有任何關於我贏得比賽的信息？
278,1,能否告訴我我是否獲得了獎學金？
279,1,我是否有資格獲得獎品？
280,1,請問我是否在競賽中獲勝？
281,1,恭喜您中了發票獎金！
282,1,您的發票中了獎，祝賀您！
283,1,恭喜恭喜，您中了發票的大獎！
284,1,恭喜您中了發票頭獎，趕快兌獎吧！
285,1,恭喜！您的發票號碼中了大獎！
286,1,恭喜您中了發票的驚喜大獎！
287,1,恭喜您的發票號碼中了獎，請盡快兌獎啊！
288,1,您的發票中了大獎，請立即兑獎！
289,1,恭喜您，您的發票號碼中了特大獎！
290,1,恭喜您的發票號碼中了頭獎，趕快擁有屬於自己的豐厚獎金吧！
291,1,恭喜您中了財政票據的獎金，請儘快前往指定地點領取。
292,1,您的財政票據已經中獎了，請您核對好獎項並儘快兌換。
293,1,您的幸運已經降臨，財政票據中了大獎，請您盡快兌換。
294,1,恭喜您成為財政票據中獎者之一，請您持票前往領取獎金。
295,1,這封信是通知您，財政票據中了獎項，請您儘快兌換，以免影響領獎。
296,1,您的財政票據中了獎項，請您儘快前往指定的地點領取獎金。
297,1,恭喜您，財政票據中了大獎，請您盡快處理好兌換問題。
298,1,財政票據已經公布獎項，恭喜您中獎，請您趕緊兌換。
299,1,您所持有的財政票據已中了大獎，請儘快前往指定地點兌換。
300,1,最新一期的財政票據已經中出大獎，您就是其中的幸運兒，請注意前往兌換。
301,1,恭喜您！您的儲存卡號碼已經中獎。
302,1,您的收據儲存卡中了大獎！恭喜！
303,1,祝賀您！您的儲存卡號碼已經中獎了。
304,1,您已經獲得了收據儲存卡的中獎通知！恭喜您！
305,1,恭喜您成為儲存卡中獎者，請立即聯繫我們領取獎金！
306,1,您的收據儲存卡號碼中獎了，真是太幸運了！
307,1,恭喜您贏得了收據儲存卡抽獎的大獎！請盡快領取獎金。
308,1,恭喜您成為收據儲存卡的大獎得主，請盡快聯繫我們領取獎金。
309,1,您的收據儲存卡號碼正式成為中獎號碼，恭喜您！
310,1,恭喜您！您的收據儲存卡號碼中了大獎，現在就可以領取獎金了。
311,1,恭喜您中獎了！
312,1,您是本次抽獎的幸運優勝者！
313,1,賀喜您！您是最幸運的人！
314,1,恭賀您，您的名字被抽中了！
315,1,萬分慶幸，您是此次贏家！
316,1,恭喜！您憑運氣獲得了獎項！
317,1,祝賀您！您已經成為抽獎的贏家。
318,1,希望您開心收到這份好消息：您獲得了中獎單！
319,1,太棒了！您是成功的抽獎者。
320,1,恭喜您中選，你將獲得特別獎勵！
321,1,您已獲得本次稅務憑證抽獎的大獎通知。
322,1,恭喜您中了本次稅務憑證抽獎的大獎。
323,1,您是本次稅務憑證抽獎幸運的得主。
324,1,您的稅務憑證抽獎號碼中獎了，恭喜您！
325,1,您的稅務憑證抽獎結果已出，您中了大獎。
326,1,您的稅務憑證抽獎幸運之神降臨，恭喜中獎。
327,1,您在本次稅務憑證抽獎中脫穎而出，獲得大獎。
328,1,您的稅務憑證抽獎結果顯示您是本次大獎得主。
329,1,恭喜您成為本次稅務憑證抽獎的主角，中了大獎。
330,1,您的稅務憑證抽獎號碼棒棒哒，中了頭獎，恭喜！
331,1,恭喜您中獎了，您的商品質量有保障。
332,1,您的商品質保單據中獎了，表示您選擇的商品值得信賴。
333,1,恭喜您獲得了質保單據中獎通知，您選擇的商品是高品質的。
334,1,您的商品質保單據獲得了中獎通知，非常恭喜您。
335,1,恭喜您的商品質保單據獲得中獎，您選擇的商品品質優良。
336,1,您的商品質保單據中獎了，說明您選擇了一個高品質的產品。
337,1,恭喜您中獎，您的商品質保證明是可靠的。
338,1,您的商品質保單據獲得了中獎通知，這驗證了您選擇的商品品質優良。
339,1,恭喜您獲得質保單據中獎通知，您選擇的商品值得信賴。
340,1,您的商品質保單據獲得中獎通知，表示您選擇的商品質量有保障。
341,1,恭喜您！您的繳費單中獲得了獎金。
342,1,我們很高興地通知您，您的繳費單中已標有中獎註記。
343,1,您的繳費單已被確認為中獎，請立即聯繫我們取得獎金。
344,1,很榮幸地告訴您，您的繳費單已經中了大獎。
345,1,恭喜！您的繳費單已經被驗證為中獎單。
346,1,您的繳費單已被評為中獎，請盡快聯繫我們領取獎金。
347,1,我們很高興地通知您，您的繳費單中標有中獎記號。
348,1,恭喜您！您的繳費單已經證明為中獎單。
349,1,您的繳費單已確認中獎，請盡快憑證領取獎金。
350,1,非常高興地通知您，您的繳費單已經標明中獎單。
351,1,恭喜您中了我們的貨物交換証大獎！
352,1,您是我們這次貨物交換証的幸運得主！
353,1,您已經被選中為我們貨物交換証的中獎者！
354,1,您是我們這次貨物交換証中獎的一位幸運兒！
355,1,恭喜您成功中了我們這次的貨物交換証大獎！
356,1,我們很高興通知您，您已經中了我們的貨物交換証！
357,1,您已經成為我們貨物交換証中的亞軍得主！
358,1,我們很榮幸地通知您，您是我們的貨物交換証中獎者之一！
359,1,恭喜您擁有了我們貨物交換証的寶貴獎品！
360,1,您已經被確定為我們貨物交換証的大贏家！
361,1,恭喜您！您的交易憑證已獲得中獎通知。
362,1,您的交易憑證獲得了中獎通知。祝賀您！
363,1,恭喜您！您的交易憑證已成功中獎。
364,1,這是一份很棒的消息！您的交易憑證已獲得中獎通知。
365,1,恭喜您！您的交易憑證成功中獎。請儘快聯繫我們領取獎品。
366,1,好消息！您的交易憑證被選為中獎者之一。
367,1,超級好消息！您的交易憑證已獲得中獎通知。
368,1,恭喜您！您的交易憑證已被選為中獎憑證。
369,1,您的交易憑證已經被確認為中獎憑證。祝賀您！
370,1,巨大的喜悅！您的交易憑證已中獎，請儘快聯繫我們領取獎品。
371,1,恭喜！你的買賣收據中獲得了中獎通知！
372,1,你的買賣收據中獲得了獎金！
373,1,我們很高興地宣布，你在買賣收據中獲得了獎項！
374,1,恭喜你在買賣收據中獲得了獎金！
375,1,你的買賣收據中被選為中獎者！
376,1,我們很榮幸地通知你，你在買賣收據中獲得了獎金！
377,1,買賣收據中的你成為了幸運的獎項得主！
378,1,恭喜你在買賣收據中贏得了獎金！
379,1,我們很高興地通知你，在買賣收據中你中獎了！
380,1,買賣收據中神奇的一刻！你贏得了獎項！
381,1,您的帳單或發票號碼已中獎，請儘快聯繫我們領取獎金。
382,1,恭喜您！您的帳單或發票已中獎，請盡快聯繫我們領取獎金。
383,1,您的帳單或發票號碼已經被抽中，恭喜您中獎了！請盡快在領獎期限內聯繫我們領取。
384,1,恭喜您！您的帳單或發票已被抽中，請在領獎期限內聯繫我們領取豐厚的獎金。
385,1,恭喜您中獎了！請聯繫我們並在指定時間內順利領取獎金。
386,1,您的帳單或發票已經中獎了，請儘快聯繫我們以確認您的獎金領取事宜。
387,1,我們非常高興地通知您，您的帳單或發票已中獎，請在指定時間內領取您的獎金。
388,1,您的帳單或發票居然中獎了，恭喜！請在領獎期限內聯繫我們以便領取獎金。
389,1,恭喜您中獎！請儘快聯繫我們並在指定時間內領取獎金。
390,1,我們很高興通知您，您的帳單或發票已被抽中，恭喜中獎！請在指定時間內聯繫我們以領取獎金。
391,1,請問我可以查詢發票號碼嗎？
392,1,是否有任何方式可以查詢我的發票號碼？
393,1,我該到哪裡查詢我的發票號碼？
394,1,我需要查詢最近的一張發票號碼，該怎麼做？
395,1,能否告訴我如何查詢我最近的一張發票號碼？
396,1,我可以透過哪些渠道來查詢發票號碼？
397,1,我需要查詢我上個月的一張發票，請問該怎麼做？
398,1,是否可以提供一個網站或服務讓我查詢我的發票號碼？
399,1,我不確定自己是否中了發票，可以透過哪些方式確認？
400,1,我需要查詢最近三個月的發票號碼，可以怎麼做？
401,1,找出財政票據的號碼
402,1,搜尋財政票據的識別號
403,1,尋找財政票據的編號
404,1,查詢財政票據的序號
405,1,尋覓財政票據的統編
406,1,尋找財政票據的編號碼
407,1,查尋財政票據的識別碼
408,1,查找財政票據的憑證號碼
409,1,尋找財政票據的發票號碼
410,1,搜尋財政票據的銷售單號
411,1,查詢儲值卡號碼
412,1,查詢卡片儲值編號
413,1,查詢卡值儲存號碼
414,1,查詢卡片充值編碼
415,1,查詢卡片儲值兌換碼
416,1,查詢存值卡號碼
417,1,查詢卡片儲值存儲編號
418,1,查詢卡片加值號碼
419,1,查詢卡片充值存儲序號
420,1,查詢儲值卡兌換編號
421,1,請問能告訴我您的銷售記錄單號碼是多少嗎？
422,1,您的銷售記錄單號碼是什麼？
423,1,我需要查詢您的銷售記錄單號碼，請問您能告訴我嗎？
424,1,能麻煩您提供一下銷售記錄單號碼嗎？
425,1,能否請您提供一下您的銷售記錄單號碼？
426,1,請問您手上的銷售記錄單號碼是多少？
427,1,我需要您的銷售記錄單號碼，您能提供一下嗎？
428,1,您可以告訴我您的銷售記錄單號碼嗎？
429,1,能否請您提供一下銷售訂單的號碼？
430,1,您能否告訴我銷售紀錄單的編號是多少？
431,1,查詢稅務憑證號碼
432,1,查阅税务凭证号码
433,1,查询税务票据编号
434,1,寻找税务证书编码
435,1,核实税务凭证号码
436,1,检验税收票据号码
437,1,查询税务证明编码
438,1,检查税务发票编号
439,1,搜寻税务凭单号码
440,1,验证税务发票码号
441,1,請提供保單據號碼以查詢購買日期。
442,1,請提供質保單據號碼以核查商品維修時間。
443,1,請提供質保單據號碼以辦理退貨或換貨。
444,1,請提供保固期質保單據號碼以查詢保固期限。
445,1,請提供購買發票或質保單據號碼以辦理維修售後服務。
446,1,請提供質保單據號碼以核實商品型號和序號。
447,1,請提供保修期限質保單據號碼以查詢修理手續。
448,1,請提供質保單據號碼以確認購買地點和購買日期。
449,1,請提供保固期內質保單據號碼以辦理免費維修。
450,1,請提供質保單據號碼以協助處理商品維修退換。
451,1,取得帳單繳費碼
452,1,查詢繳費證號
453,1,確認繳費代碼
454,1,查詢費用繳付號碼
455,1,詢問繳費單號
456,1,取得費用支付碼
457,1,確認繳款證號碼
458,1,查詢繳費代號
459,1,取得費用繳納證號
460,1,確認支付繳費碼
461,1,可以請問您的貨物交換証號碼嗎？
462,1,請您提供貨物交換証號碼以查詢貨物狀態。
463,1,請問您是否可以告訴我貨物交換証號碼，以便查詢物流進度？
464,1,希望您能提供貨物交換証號碼，讓我們幫您追蹤貨物。
465,1,煩請您出示貨物交換証號碼，以便我們可以查詢相關資訊。
466,1,貨物交換証號碼是我們查詢貨物狀態的重要資訊之一，請您提供一下。
467,1,如果您能告訴我貨物交換証號碼，我們可以協助查詢物流進度。
468,1,麻煩您提供貨物交換証號碼，這樣我們可以知道貨物在哪裡以及何時抵達。
469,1,請您提供貨物交換証號碼，讓我們能夠更快更準確地處理您的訂單。
470,1,請問您可否告知貨物交換証號碼，我們會為您查詢最新的貨物狀態。
471,1,確認交易憑證號碼
472,1,檢查交易證明編號
473,1,查詢交易驗證碼
474,1,尋找交易驗證號碼
475,1,了解交易驗證憑證號碼
476,1,核對交易證明編號
477,1,確認貨款憑證號碼
478,1,取得交易憑證編號
479,1,查看交易驗證編號
480,1,比對交易憑證編號
481,1,請幫我查詢這筆交易的收據號碼。
482,1,我需要知道這次購買的收據編號。
483,1,能否告訴我這次交易收據的號碼？
484,1,請查詢我上一次購物的收據號碼。
485,1,這筆買賣的收據編號是多少？
486,1,我想知道這次消費的收據號碼。
487,1,請幫我查詢最近交易所使用的收據編號。
488,1,你能告訴我上次買東西的收據號碼嗎？
489,1,能否查詢一下這次交易的收據號碼？
490,1,我需要知道這一次購物所用的收據編號。
491,1,我需要查詢我的帳單和發票號碼。
492,1,能否提供我的帳單和發票號碼？
493,1,我需要知道我的付款結果，可否提供發票號碼？
494,1,能否幫我查詢一下我的賬單和發票號碼？
495,1,請告訴我關於我的付款記錄的信息，包括帳單和發票號碼。
496,1,我是否可以從您那裡獲取我的帳單和發票號碼？
497,1,能否告知我有關我的帳單和發票號碼的信息？
498,1,是否可以提供我的帳單和相關的發票號碼？
499,1,能否幫我查詢有關我的帳單和發票號碼的信息？
500,1,我可以查詢我的帳單和發票號碼嗎？
501,1,領取中獎發票
502,1,領獲獎發票
503,1,領取得獎發票清單
504,1,領授得獎證明
505,1,領取得獎證書
506,1,領發現獎金發票
507,1,領順利獲獎發票
508,1,領成功中獎發票
509,1,領頒發得獎證書
510,1,領發現中獎証明
511,1,正在領取中獎的財政票據。
512,1,正式領取中獎的政府支票。
513,1,正在領取中獎的國家金融票據。
514,1,正式領取中獎的政府付款凭证。
515,1,欣喜領取中獎的國家公務票據。
516,1,恭喜領取中獎的國家財政支票。
517,1,正式領取中獎的政府財政託收單。
518,1,正在領取中獎的政府金融兌換券。
519,1,正式領取中獎的政府金融收據。
520,1,恭喜領取中獎的國家財政憑證。
521,1,我要領取贏得的發票。
522,1,我需要領取中獎的發票。
523,1,請幫我處理領取中獎的發票。
524,1,請將贏得的發票發給我。
525,1,我該如何領取中獎的發票？
526,1,能否告訴我如何領取中獎的發票？
527,1,請發送中獎的發票到我的地址。
528,1,中獎的發票需要怎樣領取呢？
529,1,要領取贏得的發票，我需要做些什麼？
530,1,我成功中獎，需要幫忙領取發票。
531,1,領到了中獎收據儲存卡。
532,1,搞定了領取中獎收據儲存卡的手續。
533,1,已成功領取中獎收據儲存卡。
534,1,緊握著中獎收據儲存卡的我，興奮不已。
535,1,中獎收據儲存卡已歸我所有。
536,1,得到了可以夠享受獎金的中獎收據儲存卡。
537,1,隨手取出中獎收據儲存卡，感受著幸運的滋味。
538,1,可以試著領取中獎收據儲存卡，誰知道會不會有意外驚喜。
539,1,一張中獎收據儲存卡，開始我的甜蜜夢想。
540,1,蘊含無限可能的中獎收據儲存卡，已在我的手中。
541,1,領取贏獎的銷售記錄單。
542,1,拿收到中獎的銷售記錄表。
543,1,取得中獎的銷售記錄單。
544,1,帶走中獎的銷售記錄單。
545,1,手上拿中樂透的銷售記錄表。
546,1,取得成功彩券的銷售紀錄單。
547,1,拿到領獎的銷售紀錄表單。
548,1,領取幸運彩券的銷售記錄單。
549,1,拿走獲獎的銷售記錄表單。
550,1,取得得獎的銷售記錄紀錄。
551,1,領取獲獎所得稅務憑證。
552,1,領取中獎所需的稅務收據。
553,1,領取獲獎所得的稅務文件。
554,1,要求領取中獎的稅務證明書。
555,1,申請領取中獎所需的稅務資訊。
556,1,取得中獎的稅務證明文件。
557,1,獲取中獎所需的稅務紀錄。
558,1,接收中獎所需的稅務收據。
559,1,领取获奖的所得税凭证。
560,1,领取中奖的税务证明文件。
561,1,請領取中獎質保單據。
562,1,獲得中獎質保單據。
563,1,領取中獎保證書憑證。
564,1,中獎保證書憑證領取。
565,1,請來領取中獎保證書憑據。
566,1,中獎保證書證件領取申請。
567,1,請獲得中獎保證書證件。
568,1,中獎保證書證明領取。
569,1,領取中獎保障證明。
570,1,中獎保障證明領取。
571,1,領取中獎財政票據，請攜帶有效身分證明文件前往。
572,1,請務必攜帶中獎財政票據及身分證明文件至指定地點領取獎金。
573,1,領取中獎財政票據需在指定時間內前往指定地點進行。
574,1,請攜帶中獎財政票據、銀行帳戶資料及有效身分證明文件至指定地點領取獎金。
575,1,中獎財政票據之領取，需攜帶身分證明文件並遵守相關規定。
576,1,務必攜帶中獎財政票據及身分證明文件至指定地點領取獎金，逾期作廢。
577,1,領取中獎財政票據需辦理簽證手續並攜帶身分證明文件。
578,1,領取中獎財政票據，請攜帶銀行帳戶資料、身分證明文件及相關文件。
579,1,請在指定時間內攜帶中獎財政票據及相關文件至指定地點領取獎金。
580,1,領取中獎財政票據，需事先預約，攜帶身分證明文件至指定地點完成領獎手續。
581,1,依中獎發票號碼，在領獎期間內前往指定兌獎處兌換獎金。
582,1,記得帶上中獎發票，以及個人身分證明文件，並確認兌獎資格。
583,1,在兌換獎金時，請填寫完整的表格，並確保所填資料正確無誤。
584,1,若需要代領，請由授權委託書授權他人代領，並附上代理人身分證明文件。
585,1,中獎發票為無效發票、兌獎期限過期或非本期獎券，均無法領獎。
586,1,若發生糾紛，請持發票及相關文件前往發票兌獎機構申訴，並遵循應有程序處理。
587,1,當兌獎金額超過一定數額時，需繳納相應的稅款，並依規定辦理相關稅務手續。
588,1,若發現中獎發票遺失或損毀，請儘速前往指定機構辦理補領手續。
589,1,中獎者需注意保密個人資料，避免個資外洩或遭騙，如收到任何不明電話或訊息，請先確認真偽再回應。
590,1,以上步驟可供參考，具體兌獎流程及方法，應依所在地、發票種類及年度等條件而定，請參閱相關規定。
591,1,請確認您所持有的中獎收據儲存卡是否有效。
592,1,請檢查您的收據儲存卡上的中獎號碼是否與官方公布的中獎號碼相符。
593,1,請填妥領獎表格，並確保所填寫的個人資訊與收據儲存卡上的資料一致。
594,1,請攜帶有效身份證明文件前往指定的領獎地點。
595,1,請在指定的時間內前往領獎地點領取獎金。
596,1,請注意領獎地點的營業時間或領獎期限，以避免領獎過期或未到達領獎地點而失去領獎的機會。
597,1,請務必保管好您的收據儲存卡，避免遺失或損毀。
598,1,請注意詐騙、假冒和欺詐行為，僅在官方指定的領獎地點領取獎金。
599,1,請注意稅務問題，根據當地法律法規繳納相應的稅款。
600,1,請務必遵守相關的領獎規定和領獎程序，以免影響您的領獎權益。
601,1,在領獎前，請務必帶上中獎銷售記錄單原件。
602,1,前往領獎地點時請攜帶中獎銷售記錄單以供查驗。
603,1,中獎銷售記錄單是領獎的必要文件之一，請務必妥善保管。
604,1,領取獎金前，須先出示中獎銷售記錄單以驗證中獎資訊。
605,1,在領獎時，中獎銷售記錄單是核對獎金身分的重要文件。
606,1,注意事項：領獎時必須出示正確、完整的中獎銷售記錄單。
607,1,中獎銷售記錄單是兌換獎金的必要條件，務必帶齊領獎文件。
608,1,領獎時要攜帶中獎銷售記錄單，以便領獎人員確認中獎資訊。
609,1,千萬不要遺失中獎銷售記錄單，否則可能影響領獎。
610,1,請務必確認中獎銷售記錄單的內容無誤，以免領獎時出現問題。
611,1,領獎前需確認索取的中獎稅務憑證是否屬實。
612,1,領獎時必須持有完整且正確的中獎稅務憑證。
613,1,領獎前應仔細閱讀中獎稅務憑證的相關規定。
614,1,領獎時需填寫完整的申報表格並簽署相關文件。
615,1,領獎前應進行詳細的稅務規劃和計算。
616,1,領獎時需準確報告中獎憑證的稅收信息。
617,1,領獎前需咨詢專業稅務人員的意見。
618,1,領獎時必須遵守稅務法律和法規。
619,1,領獎前需了解中獎稅務憑證的稅務類型和稅率。
620,1,領獎時需根據稅務部門的要求提交相應的文件和證明材料。
621,1,先將中獎質保單據帶至指定地點。
622,1,把中獎的質保單據交給工作人員進行確認。
623,1,獲得工作人員核對後的領獎號碼。
624,1,在指定的窗口出示中獎質保單據。
625,1,工作人員會再次核對質保單據。
626,1,若無誤，中獎者便可順利領取獎品。
627,1,確認獎品種類、數量、品質，是否符合訂定標準。
628,1,確定收取獎品的正確時間和地點。
629,1,填妥收獎表格，作為領取獎品的證明。
630,1,等待工作人員安排獎品到達指定的領獎地點。
631,1,請將您的發票載具歸戶設定進行更新。
632,1,您需要設定您的發票載具歸戶才能進行稅務申報。
633,1,請確認您的發票載具歸戶設定是否正確。
634,1,您的發票載具歸戶設定需要重新驗證。
635,1,請注意您的發票載具歸戶設定是否已設定完成。
636,1,請設定您的發票載具歸戶以確保您的稅務記錄正確。
637,1,您需要確認您的發票載具歸戶設定是否已生效。
638,1,請完成您的發票載具歸戶設定以維護您的稅務紀錄。
639,1,確認您的發票載具歸戶設定以確保稅務申報準確。
640,1,請設定您的發票載具歸戶以避免稅務爭議發生。
641,2,探索澳門帝國的種種奧秘。
642,2,沉浸在澳門帝國的魅力之中。
643,2,精彩紛呈的澳門帝國等著你去發現。
644,2,體驗澳門帝國的神秘與魔力。
645,2,探險澳門帝國，發掘未知的秘密。
646,2,踏上澳門帝國之旅，開啟精彩人生。
647,2,進入澳門帝國，感受無限可能。
648,2,融入澳門帝國的激情與活力。
649,2,沉醉在澳門帝國的風光中，縱情遊玩。
650,2,在澳門帝國中享受刺激與樂趣。
651,2,國家漫遊計畫是一個探索不同地方文化的好機會。
652,2,因為有了漫遊計畫，我們可以遊遍整個國家。
653,2,國家漫遊計畫是一個了解不同風俗的最佳方式。
654,2,透過國家漫遊計畫，我們可以更深入地了解歷史和文化。
655,2,澳門的國家漫遊計畫可以讓我們體驗到不同的地方生活。
656,2,國家漫遊計畫可以豐富我們的視野和知識。
657,2,透過國家漫遊計畫，我們可以拓展自己的交友圈。
658,2,國家漫遊計畫可以幫助我們更好地了解周圍的世界。
659,2,國家漫遊計畫可以讓我們體驗到不同地方的自然風光和美食。
660,2,透過國家漫遊計畫，我們可以感受到更多的人情味和文化魅力。
661,2,探索澳門國家的豐富文化和歷史遺產。
662,2,體驗澳門國家的異國風情和文化交流。
663,2,欣賞澳門國家的壯麗自然風光和美麗景點。
664,2,品味澳門國家當地的美食和特色美食。
665,2,感受澳門國家充滿活力的城市文化和生活方式。
666,2,潛入澳門國家的深處，探究當地的傳統文化和生態環境。
667,2,遊歷澳門國家的知名景點和旅遊勝地。
668,2,與當地人民交流互動，了解澳門國家的社會風貌和生活習慣。
669,2,參與澳門國家的各種節慶活動和文化娛樂。
670,2,在澳門國家享受休閒和放鬆，感受當地的度假氛圍和環境。
671,2,在澳門，你可以遊歷各種當地文化的景點和美食。
672,2,這裡的街道和風景讓你體驗到澳門獨特的風情。
673,2,澳門的歷史古跡和建築物可以讓你感受到澳門的蛻變。
674,2,澳門的博物館和藝術廊，不僅展現了當地的藝術和文化，也彰顯著百年歷史和發展。
675,2,澳門充滿了不同種類的人們和文化，這裡的人們從事著不同的工作，展現出豐富多彩的生活方式。
676,2,澳門是一個國際化城市，你可以在這裡與來自各地的人們交流和學習。
677,2,在澳門，你可以體驗到亞洲和歐洲之間的文化融合。
678,2,澳門的自然景點和公園，讓你感受到來自大自然的安寧和美好。
679,2,澳門的娛樂場所和活動讓你度過精彩的夜晚，感受到澳門的熱情和活力。
680,2,澳門的生活方式和節日，讓你瞭解到澳門人們的文化傳統和價值觀。
681,2,探索世界各地的文化和美食，暢遊澳門國家漫遊之旅。
682,2,體驗全球不同風情和生活方式，盡在澳門國家漫遊計劃中。
683,2,讓你的旅程更有意義，加入澳門國家漫遊行列。
684,2,跳脫常規，發現不一樣的精彩，澳門國家漫遊值得一試。
685,2,帶著好奇心，開啟屬於你的澳門國家漫遊之旅。
686,2,探索各地的人文景觀和自然美景，盡在澳門國家漫遊計畫中。
687,2,穿越大陸和海洋，尋找最適合你的澳門國家漫遊路線。
688,2,讓你的生活更加豐富多彩和有深度，參與澳門國家漫遊活動。
689,2,精心安排的澳門國家漫遊行程，讓你暢遊世界各地。
690,2,澳門國家漫遊計畫，為您提供最佳的旅遊體驗。
691,2,在澳門國家漫遊時，可以選擇步行或騎單車等方式。
692,2,澳門國家漫遊方式可以包括乘坐公共交通工具，例如地鐵或公車。
693,2,澳門國家漫遊也可以透過自駕租車的方式實現。
694,2,選擇澳門國家漫遊方式時，可以考慮搭乘出租車或計程車等便捷的交通方式。
695,2,健行或登山是一種有趣的澳門國家漫遊方式，可以探索本地美景。
696,2,透過自行車或摩托車的方式，澳門的風光一覽無遺。
697,2,有些人喜歡澳門國家漫遊時，在城市中步行或騎腳踏車，這種方式可以體驗當地生活。
698,2,澳門國家漫遊方式也可以使用船隻，例如水上巴士或遊艇等，賞景之餘還能享受海上風光。
699,2,澳門國家漫遊方式中的觀光巴士和遊覽車等也是受歡迎的選擇。
700,2,澳門國家漫遊方式最重要的是選擇自己最喜歡的方式，盡情地享受旅程。
701,2,在澳門旅遊時，可以隨意漫遊各個國家的風格。
702,2,在澳門，可以輕鬆體驗來自各個國家的景點和美食。
703,2,澳門可以稱為一個融合了各國文化的國家漫遊之地。
704,2,到澳門遊玩，就像是在同時遊覽多個國家的精華。
705,2,在澳門，你可以輕鬆體驗多種不同國家的風情。
706,2,走進澳門的大街小巷，彷彿置身於跨越多個國家的城市。
707,2,到澳門漫遊，可以一次體驗多種不同國家文化的魅力。
708,2,澳門旅遊，讓你有機會欣賞多種不同國家的建築和風格。
709,2,在澳門，你可以輕鬆體驗各個國家獨特的魅力。
710,2,澳門是一個集多國風情為一身的國家漫遊目的地。
711,2,我们将帮助您设计完美的澳门国家漫游计划。
712,2,让我们为您设计一次难忘的澳门国家漫游旅程。
713,2,为您定制一条独特的澳门国家漫游路线是我们的荣幸。
714,2,让我们为您量身打造一系列澳门国家漫游活动，让您畅享旅途。
715,2,我们将协助您精心安排一段难忘的澳门国家漫游之旅。
716,2,让我们一起制定一条独特的澳门国家漫游计划，让您的旅途愉悦而难忘。
717,2,为您提供个性化的澳门国家漫游方案是我们的目标。
718,2,让我们一起规划出一条精致的澳门国家漫游路线，带您发现最美的风景。
719,2,让我们为您打造一份个性化的澳门国家漫游旅程，带您感受不一般的文化魅力。
720,2,我们将根据您的需求为您制作一份独一无二的澳门国家漫游方案，为您创造美好的回忆。
721,2,探索澳門多元文化，了解其深厚歷史背景。
722,2,品嚐本地美食，感受澳門獨特的飲食文化。
723,2,走訪澳門著名的建築物，欣賞當地的建築風格。
724,2,前往澳門博物館，了解澳門的自然、歷史和文化。
725,2,參觀澳門寺廟和教堂，體驗當地宗教文化。
726,2,在澳門的沙灘和公園中休閒運動，放鬆身心。
727,2,探索澳門的藝術氛圍，欣賞藝術作品和展覽。
728,2,前往澳門著名的購物區，體驗當地的商業文化。
729,2,加入澳門的節慶活動，感受當地節日氣氛。
730,2,體驗澳門的夜生活，探索當地的娛樂場所。
731,2,澳門國家漫遊計畫書為您精心策劃一場難忘的旅程。
732,2,透過澳門國家漫遊計畫書，您能夠深入了解每個國家的歷史與文化。
733,2,澳門國家漫遊計畫書為您帶來五感盛宴，讓您真正體驗到每個國家獨具的風土人情。
734,2,跟隨澳門國家漫遊計畫書的 footsteps，穿梭於不同的城市，探索每個角落。
735,2,澳門國家漫遊計畫書為您提供最優質的旅行體驗，讓您無憂無慮地享受每一刻。
736,2,透過澳門國家漫遊計畫書，您能夠與當地人交流，體驗當地生活。
737,2,跟隨澳門國家漫遊計畫書的路線，您能夠發現許多不為人知的秘密景點。
738,2,選擇澳門國家漫遊計畫書，是您開啟精神與身體的一次難忘旅程。
739,2,澳門國家漫遊計畫書為您量身打造最適合您的旅行計畫。
740,2,透過澳門國家漫遊計畫書，您能夠認識到更多不同的文化，拓展自己的視野。
741,2,澳門是一個值得探索的地方。
742,2,澳門文化歷史源遠流長，值得品味體驗。
743,2,透過漫遊澳門，可以深刻體會其多元文化。
744,2,澳門的美食、藝術、建築等各方面都有獨特之處。
745,2,到澳門旅遊可以拓展視野、增廣見聞。
746,2,在澳門，可以領略到東西方文明融合的美妙之處。
747,2,漫遊澳門可以激發靈感、啟發創意。
748,2,澳門的自然風光和人文景觀都值得一看。
749,2,澳門的觀光資源豐富，古今交錯，讓人永久難忘。
750,2,澳門是一個經驗豐富、多元發展的社會，不斷進步，讓您愉快留戀。
751,2,探索澳門的歷史，穿越街頭巷尾，聆聽老香港的傳奇故事。
752,2,到澳門景點服裝秀，體驗當地文化與風情。
753,2,沿著澳門精品街，品味當地特色小吃。
754,2,到澳門攀登山區，欣賞優美的風景。
755,2,在澳門的嘉年華遊樂區，盡情享受各種刺激的遊戲。
756,2,跟著導遊踏訪澳門的古建築物，聆聽建築的故事。
757,2,在澳門的賭場玩遊戲，品味當地的豪華文化。
758,2,在澳門購物中心逛一逛，帶回些當地特色商品。
759,2,在澳門享受當地的美食美酒，體驗當地風味。
760,2,到澳門的夜市逛一逛，感受夜晚的魅力。
761,2,探索澳門皇朝的歷史文化遺產。
762,2,深入探究澳門皇朝的文化內涵。
763,2,精彩漫遊澳門皇朝的文化寶藏。
764,2,瀏覽澳門皇朝的傳統手工藝品和藝術品。
765,2,感受澳門皇朝的味道和氛圍。
766,2,品味澳門皇朝的美食和餐廳文化。
767,2,為澳門皇朝的文化和傳統做出貢獻。
768,2,體驗澳門皇朝的自然風光和環境特色。
769,2,玩轉澳門皇朝的娛樂和休閒活動。
770,2,入住澳門皇朝的豪華酒店和度假村，享受尊貴體驗。
771,2,探索泰國帝國，沉浸在富有歷史和文化的環境中。
772,2,暢遊泰國帝國，發現大自然美景和獨特的生物多樣性。
773,2,體驗泰國帝國，品嚐口感獨特和風味豐富的當地美食。
774,2,踏上泰國帝國的征程，體驗當地人民的日常生活。
775,2,遊歷泰國帝國，從各種不同的角度了解這個神秘而美麗的國家。
776,2,暢遊泰國帝國，沉浸在豐富多彩的文化活動和節日慶典中。
777,2,探索泰國帝國的深處，發現隱藏在山脈和叢林中的秘密。
778,2,玩轉泰國帝國，享受冒險旅遊的樂趣，征服自己的恐懼。
779,2,體驗泰國帝國的美麗，捕捉當地的宜人氣息和獨特的風光。
780,2,暢遊泰國帝國，體驗當地人們的熱情和友好，感受真正的舒適旅遊。
781,2,我們計畫進行一個泰國國家漫遊，探索這個美麗的國家的文化和歷史。
782,2,我們打算在泰國國家漫遊中遊覽各個地方，體驗當地的風土人情。
783,2,我們將舉行一次泰國國家漫遊，發現其壯觀的自然風光和獨特的建築。
784,2,我們準備開始一個泰國國家漫遊，認識國家遷移到現在所見到的文化和景觀。
785,2,我們將開啟一個泰國國家漫遊，以發掘當地的飲食文化和美食。
786,2,我們計畫進行一次泰國國家漫遊，探索這個國家的慈善事業和志愿者計畫。
787,2,我們打算在泰國國家漫遊中發掘一些非凡的手工藝和本土產品。
788,2,我們將開啟一個泰國國家漫遊，以發現當地寺廟和其他重要文化建築。
789,2,我們準備開始一個泰國國家漫遊，認識當地居民並學習與他們互動。
790,2,我們計劃進行一個泰國國家漫遊，體驗國家豐富的自然和文化遺產。
791,2,在泰國探索美食文化，品嚐當地特色佳餚。
792,2,參觀泰國的歷史古蹟和博物館，了解當地的歷史和文化。
793,2,到泰國的海灘度假，享受陽光、沙灘和海水。
794,2,在泰國的觀光景點和風景區進行探險和徒步旅行。
795,2,前往泰國的水上市場，了解當地的商貿文化。
796,2,到泰國的象森林體驗騎大象的樂趣。
797,2,參加泰國的傳統節慶和活動，感受當地的氛圍和傳統文化。
798,2,在泰國的溫泉餐廳享受泡湯和美食。
799,2,到泰國的玉佛寺參觀佛教文化和藝術品。
800,2,在泰國的河流上享受皇家豪華遊艇之旅。
801,2,隨意漫步泰國各地，享受當地風景與人文體驗。
802,2,逍遙漫遊泰國，暢遊它的城市與鄉村。
803,2,在泰國國家漫遊中，尋找令人驚豔的景點並盡情探索。
804,2,通過泰國國家漫遊，發現改變你世界觀的經驗。
805,2,遊覽泰國，讓自己被當地文化所深深感染。
806,2,在泰國國家漫遊中，挑戰自己並打破舒適區域。
807,2,隨著你的好奇心，泰國國家漫遊將讓你發現更多驚奇。
808,2,泰國國家漫遊會給你帶來一些不可思議的體驗，令人難以忘懷。
809,2,透過泰國國家漫遊探索當地的美食文化，讓你品嚐到新鮮美味的食物。
810,2,跟著當地人指引，讓你更了解泰國的文化和人民。
811,2,探索泰國的各個角落，體驗國家文化。
812,2,在泰國境內旅行，感受豐富多彩的文化傳承。
813,2,暢遊泰國，品味地道美食與當地風情。
814,2,漫遊泰國，探索寺廟、古蹟與景點。
815,2,乘船遊覽泰國，欣賞海島風光，感受泰國海洋文化。
816,2,泰國自由行，享受個人自由，探索人文與風景。
817,2,漫步泰國街頭，體驗當地市井文化與生活。
818,2,在泰國旅行，感受東南亞獨有的魅力與魔力。
819,2,跟隨當地人的步伐，深度體驗泰國的文化、美食和生活。
820,2,泰國國家漫遊，探索她複雜而又多元的歷史和文化。
821,2,在泰國旅行時可以自由漫遊
822,2,在泰國旅遊時可以任意探索
823,2,在泰國旅行時可以自由行動
824,2,在泰國遊玩時可以隨意遊走
825,2,在泰國旅遊時可以自由遊覽
826,2,在泰國旅遊時可以自由探險
827,2,在泰國旅遊時可以自由試美食
828,2,在泰國旅遊時可以隨意體驗當地文化
829,2,在泰國旅行時可以自由尋找美景
830,2,在泰國旅遊時可以任意拍照留念
831,2,在泰國旅遊時，您可以選擇徒步、自行車或摩托車的方式漫遊這個美麗的國家。
832,2,無論您是選擇搭乘公共交通工具，或是租一個汽車自駕遊，都能讓您暢遊泰國的每個角落。
833,2,泰國的水運系統非常發達，您可以搭乘船隻漫遊曼谷的運河或是前往島嶼參觀。
834,2,租用摩托車是泰國最受歡迎的旅遊方式之一，這樣您可以輕鬆地穿越泰國的鄉鎮。
835,2,如果您喜歡步行，泰國的步道和小徑是探索當地文化和風景的最佳方式。
836,2,泰國是著名的自行車旅遊目的地之一，如果您想要更深入地體驗泰國的風土民情，可以騎自行車漫遊。
837,2,泰國獨特的大象文化吸引了全世界的遊客，您可以選擇騎上大象沿途欣賞風景。
838,2,選擇搭乘火車或公車旅遊泰國不僅便宜而且舒適，您可以欣賞到令人驚嘆的山川湖泊和濃濃的文化氛圍。
839,2,包車或包船都是泰國愉快旅遊的不二之選，您可以自由瀏覽當地景點並享受專屬的旅遊體驗。
840,2,如果您喜歡自由行，租一輛車自駕，也是泰國旅遊的好選擇，您可以駕車自由探索泰國的大城市和鄉間道路。
841,2,逛一逛泰國的夜市，品嘗當地美食，深入體驗泰國文化。
842,2,沿著湄南河悠閒漫步，欣賞美不勝收的沿岸風景。
843,2,到泰國最大的佛寺參拜，感受泰國的宗教文化。
844,2,播種一片田地，了解泰國農業的發展歷程。
845,2,在泰國的最南端，欣賞美麗的沙灘，享受陽光海灘的樂趣。
846,2,到巨大的華碩鐘樓參觀，體驗泰國的建築文化。
847,2,游覽泰北山區的自然風光，體會泰國的山林文化。
848,2,在泰國的最北端，探索神秘的金三角地帶，了解當地的歷史文化。
849,2,深入體驗泰國的傳統手工藝，體現泰國的民間文化。
850,2,到泰國的最東端，參觀濱海公園，欣賞海洋自然風光。
851,2,探索泰國特有的文化和傳統，深入瞭解當地人的生活方式。
852,2,品嚐泰國美食，從街頭小吃到精緻餐廳，盡情享受泰國料理的多樣性。
853,2,到泰國的海灘度假，放鬆身心，享受陽光沙灘和海浪的歡樂。
854,2,讓自己沉浸在泰國的大自然中，從高山森林到沼澤景觀，體驗不同的生態環境。
855,2,參與泰國的節慶和活動，感受當地文化的熱情和活力。
856,2,到泰國的寺廟參拜，瞭解佛教文化和泰國歷史的淵源。
857,2,探索泰國的城市風光，從曼谷到清邁，體驗不同城市的風格和氛圍。
858,2,深入瞭解泰國的手工藝文化，從織布到木雕，體驗當地的傳統手工藝技術。
859,2,到泰國的水上市場，體驗當地人的生活方式和商貿活動。
860,2,結識當地人，體驗泰國的人情味和熱情好客。
861,2,在泰國國家漫遊計畫書上，你可以探索泰國國家的不同景點和文化。
862,2,泰國國家漫遊計畫書是了解泰國文化和歷史的一個好去處。
863,2,泰國國家漫遊計畫書會帶你到一些最迷人的地方，讓你的旅行更加難忘。
864,2,泰國國家漫遊計畫書是一個完美的休閒選擇，讓你在美麗的地方放鬆身心。
865,2,泰國國家漫遊計畫書會為你趕走煩惱，帶來一個令人驚嘆的旅行體驗。
866,2,透過泰國國家漫遊計畫書，你可以尋找泰國的探險遊覽。
867,2,泰國國家漫遊計畫書為你提供一個完美的機會，讓你深入體驗泰國文化的精華。
868,2,泰國國家漫遊計畫書是像沒有其他旅遊路線一樣的獨特旅行經驗。
869,2,在泰國國家漫遊計畫書中，你將被帶到最壯觀的風景區，讓你感受到泰國的美。
870,2,透過泰國國家漫遊計畫書，你可以瞭解最真實的泰國文化和人民。
871,2,探索泰國的美味佳餚，享受異國美食文化的魅力。
872,2,感受泰國的豐富文化底蘊，領略東方古國的神秘魅力。
873,2,接觸泰國的街頭文化，感受當地人民的生活方式和精神風貌。
874,2,踏上泰國的探險之旅，探索大自然的奇妙風光和寶藏般的奇遇。
875,2,探訪泰國的古跡和歷史遺產，體驗泰國古文明的壯麗和神聖。
876,2,暢遊泰國的綿延海岸和碧藍海洋，感受陽光沙灘的療愈和放鬆。
877,2,購物採集泰國的特色商品和文化精品，體驗泰國式的異國風情和商業文化。
878,2,深入泰國的社會文化，了解當地風俗和民族特色，感受不一樣的文化氛圍。
879,2,品嚐泰國的特色茶和咖啡，享受當地的飲品文化和美味佳餚。
880,2,探尋泰國的奇幻世界和獨特美學，感受當地藝術、音樂和表演的魅力。
881,2,在泰國漫遊是一個不可錯過的體驗。
882,2,泰國汗國漫遊讓你領略當地文化和風俗。
883,2,沿著美麗的泰國海岸線漫遊，感受大自然的美妙。
884,2,探索泰國的寺廟和古跡，了解這個國家的歷史和藝術。
885,2,逛逛泰國的夜市，品嚐當地的美食，感受異國風情。
886,2,在泰國的河流和瀑布中玩水，享受清涼和自然美景。
887,2,參加泰國的節日和傳統活動，體驗當地的民俗和宗教習俗。
888,2,泰國的島嶼漫遊是一個非常受歡迎的旅行方式，可以探索各種美麗的海灘和風景。
889,2,在泰國的國家公園中進行徒步旅行或生態遊，探索自然界的奇妙之處。
890,2,在泰國的城市漫遊，體驗當地的生活和文化，享受泰國人的熱情和友誼。
891,2,為您推薦10個泰國皇朝漫遊方案，請繼續閱讀。
892,2,探索泰國皇朝的古老文化和歷史，以下是10個建議方案。
893,2,如果你對泰國皇朝歷史感興趣，我們有10個旅行方案可供選擇。
894,2,如果你想深入了解泰國皇朝的歷史和文化，請參考以下10個行程方案。
895,2,感謝您選擇探索泰國皇朝的古老遺跡，以下是10個行程方案供您參考。
896,2,探索泰國皇朝的旅行計畫有很多，以下是10個值得參考的方案。
897,2,您準備好發現泰國皇朝的歷史和文化了嗎？以下是10個推薦的行程方案。
898,2,不要錯過探索泰國皇朝歷史的機會。以下是10個值得參考的旅行方案。
899,2,如果您對泰國皇朝的古老文化和歷史感興趣，我們有10個旅遊計畫供您參考。
900,2,您對泰國皇朝的知識準備好了嗎？以下是10個探索泰國皇朝的旅行方案。
901,2,感受泰國王國的魅力，盡情漫遊其中。
902,2,探索泰國王國，發現其中的驚喜和美景。
903,2,穿越泰國王國，探尋不同風情與文化。
904,2,漫步泰國王國，享受風景和人文之美。
905,2,遊覽泰國王國，體驗東南亞的獨特風情。
906,2,踏上泰國王國旅程，感受神秘與浪漫。
907,2,路過泰國王國，用眼睛和心感受這個國度。
908,2,懷抱期許，踏上泰國王國漫遊之旅。
909,2,徘徊泰國王國的小徑，尋覓著屬於自己的冒險。
910,2,瀏覽泰國王國的各個角落，收藏美好的回憶和感動。
911,2,探索泰國境內各個區域，發現不同的文化與風景。
912,2,漫遊泰國，體驗當地的美食與日常生活。
913,2,展開一趟泰國之旅，探索境內自然景觀。
914,2,走進泰國，體驗當地的傳統文化和習俗。
915,2,漫步泰國各地，感受當地氣息與人情味。
916,2,踏遍泰國各大城市，體驗城市風光與人文氣息。
917,2,到訪泰國各景點，欣賞當地豐富的歷史和文化。
918,2,走過泰國的海洋與沙灘，感受海洋風情與海灘魅力。
919,2,到訪泰國各色夜市，品嚐當地小吃和感受夜市文化。
920,2,暢遊泰國大自然，感受不同季節的風景和景色。
921,2,泰國政權常常更迭，不同黨派間的鬥爭非常激烈。
922,2,泰國的政治情勢非常動盪，人民對政權的信任度也相對比較低。
923,2,泰國的政治系統相當不穩定，政權變更的頻率也相當高。
924,2,泰國的政治環境常常出現變故，這對國家的發展造成了不小的影響。
925,2,泰國的政治情況非常複雜，政權更迭的頻率也相當密集。
926,2,泰國的政治情勢經常出現變動，人民對政府的信任度也愈來愈低。
927,2,泰國政治系統的不穩定性讓國家經常處於動盪的狀態。
928,2,泰國的政治現況相當不穩定，政權更迭的頻率也相當高。
929,2,泰國政府的權力常常易手，政治鬥爭的激烈程度也非常高。
930,2,泰國政府的權力更替非常頻繁，這對國家的發展和進步造成了比較大的影響。
931,2,探索泰國各個地區，體驗豐富多彩的文化和歷史遺產。
932,2,環遊泰國各地，品嚐當地美食和特色小吃。
933,2,游覽泰國漂亮的海灘和島嶼，享受陽光和沙灘。
934,2,在泰國各大城市尋找獨特的市場、文化和藝術場所。
935,2,探索泰國令人嘆為觀止的自然美景和國家公園。
936,2,前往泰國名勝古蹟，了解國家豐富的歷史和文化。
937,2,參與泰國多樣的節慶活動和傳統慶典。
938,2,深入泰國迷人叢林，探索許多令人驚嘆的景點。
939,2,穿越泰國各地，品嚐當地美酒和啤酒。
940,2,遊覽泰國的宗教場所和寺廟，體驗獨特的寺廟文化。
941,2,泰國聯邦提供漫遊計畫，讓您在旅行期間能保持同一個號碼。
942,2,採用泰國聯邦漫遊方案，您可享有更優惠的通話與訊息費率。
943,2,漫遊泰國時，使用泰國聯邦漫遊方案能獲得更好的網路穩定度。
944,2,泰國聯邦漫遊方案提供了廣泛的覆蓋區域，讓您在旅行中享有更佳的通訊體驗。
945,2,泰國聯邦漫遊方案簡單易用，只需啟用漫遊功能即可享受優惠價格。
946,2,許多不同的通訊業者都提供泰國聯邦漫遊方案，因此您可以自由選擇自己最喜愛的業者。
947,2,使用泰國聯邦漫遊方案，在國際漫遊時不再需要擔心高昂的漫遊費用。
948,2,成千上萬的人已經使用了泰國聯邦漫遊方案，他們享受了更便宜更優質的通訊服務。
949,2,針對商務和旅遊客人而設計的泰國聯邦漫遊方案，能夠符合所有需求。
950,2,泰國聯邦漫遊方案是一個便利的選擇，讓您在海外旅行期間保持聯繫並節省金錢。
951,2,探索泰國聯盟，盡情漫遊！
952,2,踏上泰國聯盟之旅，盡享漫遊！
953,2,品味泰國聯盟美食，盡情漫遊！
954,2,感受泰國聯盟文化，盡享漫遊！
955,2,欣賞泰國聯盟風景，盡情漫遊！
956,2,跟隨泰國聯盟傳統，盡享漫遊！
957,2,感受泰國聯盟熱情，盡情漫遊！
958,2,品味泰國聯盟美酒，盡享漫遊！
959,2,經歷泰國聯盟冒險，盡情漫遊！
960,2,融入泰國聯盟生活，盡享漫遊！
961,2,探索南韓帝國，發現令人驚嘆的歷史與文化。
962,2,從南韓帝國的角度，體驗令人驚艷的當地風俗習慣。
963,2,踏上一趟南韓帝國之旅，漫遊至這個古老王國的每一個角落。
964,2,集體探索南韓帝國，並發現其悠久歷史上所扮演的角色。
965,2,漫遊南韓帝國，體驗當地的獨特文化與冷門景點。
966,2,進入南韓帝國，感受其神秘的文化遺產與匠心獨運的工藝技術。
967,2,踏上南韓帝國之旅，贏得深深的藝術與文化體驗。
968,2,探索南韓帝國的旅程，挖掘其中的神秘與美麗。
969,2,步入南韓帝國，感受當地動人文化的獨特氛圍。
970,2,全方位探索南韓帝國的旅程，揭示令人驚聳的古老文化與傳奇歷史。
971,2,“探索南韓之旅”
972,2,“漫遊南韓的美麗風景”
973,2,“南韓之行：品味文化之旅”
974,2,“在南韓尋找冒險和刺激”
975,2,“南韓之路：探索城市和自然之美”
976,2,“體驗南韓獨特的文化和傳統”
977,2,“一個擁抱自然、歷史和現代化的南韓旅程”
978,2,“瀏覽南韓的城市和小鎮，增長見識”
979,2,“南韓之旅：窺見當地人生活方式”
980,2,“沉浸在南韓的歷史、文化和傳統之中”
981,2,探索韓國的美食文化，在首爾和釜山嚐盡當地的傳統菜肴。
982,2,參觀南韓的歷史遺跡，了解這個國家的傳統和文化。
983,2,欣賞韓國的現代建築和城市風光，包括首爾的高層建築和釜山的海岸線。
984,2,和當地人一同體驗南韓的傳統節日和文化活動，例如韓國的農曆新年和中秋節。
985,2,在南韓的別致小鎮和鄉村地區漫步，探索當地的自然美景和傳統生活方式。
986,2,和南韓當地人一起學習韓語和體驗當地的生活和文化。
987,2,探索南韓的現代藝術和文化，參觀當地的藝術館和博物館。
988,2,品嚐當地的咖啡文化，體驗南韓的現代咖啡店和傳統茶館。
989,2,在南韓的海灘度過夏天，享受當地的海洋文化和水上活動。
990,2,參觀南韓的主題公園，體驗當地的娛樂和旅遊活動。
991,2,南韓有各種不同的漫遊方式可供選擇。
992,2,南韓提供多元化的漫遊選擇。
993,2,在南韓，您可以享受多種漫遊體驗。
994,2,南韓擁有豐富的漫遊選項，讓您不會感到厭煩。
995,2,有許多不同的方式可以在南韓漫遊。
996,2,南韓提供多樣性漫遊選擇。
997,2,南韓的漫遊方式多種多樣，適合所有人。
998,2,您可以在南韓體驗多種不同的漫遊活動。
999,2,南韓讓您可以在多種漫遊方式中選擇和體驗。
1000,2,南韓有許多不同的漫遊選擇，可以讓您度過一個難忘的旅程。
1001,2,南韓是一個充滿活力和文化的國家，你可以在那裡漫遊並探索當地的美食和景點。
1002,2,每個城市都有其獨特的氛圍和特色，你可以在城市漫遊時體驗到。
1003,2,南韓有許多精美的建築，從傳統的韓屋到現代的摩天大樓，都值得一看。
1004,2,南韓擁有許多美麗的自然風景，你可以在那裡漫遊並感受大自然的魅力。
1005,2,南韓有一個豐富的歷史和文化遺產，你可以在那裡漫遊並了解當地的歷史和文化。
1006,2,南韓的經濟發展迅速，你可以在那裡漫遊並了解當地的現代化建設和商業繁榮。
1007,2,南韓有許多娛樂活動和節日，你可以在那裡漫遊並體驗當地的文化和娛樂活動。
1008,2,南韓有許多著名的美食和小吃，你可以在那裡漫遊並品嘗當地的美食。
1009,2,南韓的人民友善熱情，你可以在那裡漫遊並體驗當地的文化和人情味。
1010,2,南韓有許多世界著名的博物館和美術館，你可以在那裡漫遊並欣賞精美的藝術品和文化展覽。
1011,2,在南韓漫遊時，可以搭乘當地公共交通工具，包括地鐵、巴士和出租車。
1012,2,你也可以參加當地的旅遊團或自行規劃行程，探索南韓的文化和風景。
1013,2,南韓有許多受歡迎的景點和地標，例如首爾塔、江南區、樂天世界等等。
1014,2,當地的美食也是必嚐的，像是韓國泡菜、炸雞、烤肉等等。
1015,2,試著體驗南韓的文化活動，例如韓國歌舞表演、茶道體驗等等。
1016,2,南韓的夜生活也值得一看，可以前往酒吧、夜市和夜景點。
1017,2,買紀念品也是不可少的，南韓有許多傳統工藝品和時尚商品。
1018,2,語言可能是個障礙，但多數地方的人都能說英語，另外可以下載翻譯軟體作出備用。
1019,2,南韓有四季分明，視時間前來參觀，不論是春櫻、夏日體驗、秋天紅葉或冬季滑雪等都值得一遊。
1020,2,記得攜帶好旅行相關文件，例如護照、簽證等等，以及保持良好風險控制態度。
1021,2,遊韓國時，你可以環遊整個國家，體驗多樣的文化和風景。
1022,2,搭乘地鐵和公交車是南韓國家漫遊的最佳手段之一。
1023,2,南韓自由行最流行的方式之一是搭乘KTX高鐵。
1024,2,如果您想在南韓國家漫遊中獲得更多的靈感，租用自行車是個好主意。
1025,2,在南韓部分旅遊地區，選擇搭乘觀光巴士是個不錯的選擇。
1026,2,步行是最基本的南韓國家漫遊方式，您可以欣賞到更多的當地風光。
1027,2,參加團體旅遊是遊韓國的快速通道之一。
1028,2,搭乘出租車是南韓國家漫遊中比較昂貴的選擇，但也非常便利。
1029,2,國家漫遊時，您可以通過租用休旅車或露營車，將您的體驗提升到另一個級別。
1030,2,南韓國家漫遊的最后一種方式是搭乘郵輪，在水上欣賞海岸線的美景。
1031,2,探索南韓國家，發現當地文化和傳統。
1032,2,踏上南韓國家之旅，尋找不同的美景和風景。
1033,2,體驗南韓國家獨有的美食與料理。
1034,2,感受南韓國家獨一無二的音樂和藝術。
1035,2,探索南韓國家的歷史和文化遺產。
1036,2,享受南韓國家豐富多彩的節慶和娛樂活動。
1037,2,感受南韓國家現代科技和創新文化的影響。
1038,2,與當地居民互動，體驗南韓國家的日常生活。
1039,2,遊覽南韓國家的多個城市和鄉村，體驗地域差異。
1040,2,深入了解南韓國家的社會和環境議題，瞭解當地現況。
1041,2,探索首爾的文化與古蹟，例如故宮、光化門、昌德宮、明洞等。
1042,2,品嚐南韓道地美食，如炸雞、烤肉、泡菜、石鍋拌飯等。
1043,2,遊覽南韓著名景點，如釜山的海雲臺、慶州的泰順宮、濟州島的城山日出峰等。
1044,2,潛入南韓的夜生活文化，體驗KTV、酒吧、夜市等。
1045,2,走訪南韓的浪漫場所，如南怡島、梨花洞、首爾的漢江公園等。
1046,2,參觀南韓的主題公園，如樂天世界、濟州樂園、光州自然村、蔚山海濱公園等。
1047,2,親身體驗南韓的傳統文化，如製作韓服、韓劇體驗、打擊樂體驗等。
1048,2,前往南韓的戰爭史博物館，了解南韓的歷史與文化。
1049,2,感受南韓的浴場文化，體驗樓上浴、地下浴、水世界等。
1050,2,體驗南韓的民俗節慶，如釜山的蝴蝶節、全州的鬼火節、首爾的漢江大橋煙火等。
1051,2,探索南韓的瑰寶，發現這個國家的豐富多彩文化。
1052,2,與當地人互動，體驗他們的生活方式和習俗。
1053,2,欣賞南韓的自然美景，從山巒到海岸線，都有着令人嘆為觀止的美景。
1054,2,品味南韓美食，從精緻的小吃到高尚的餐廳都让人留连忘返。
1055,2,感受南韓的現代化城市，如首爾、釜山等城市，都是現代化與傳統文化的完美結合。
1056,2,聆聽南韓的音樂和藝術，體驗韓國独特的音樂和舞蹈文化。
1057,2,跟隨南韓的潮流，探索當地的時尚和美妝風格。
1058,2,學習南韓的語言和歷史，透過學習，了解南韓的歷史和現今的發展狀況。
1059,2,玩遍南韓的主题公園，體驗不同主題的娛樂設施和遊樂設施。
1060,2,南韓是一個充滿活力和機會的地方，走近南韓，將會發現更多的驚喜和機會等着你。
1061,2,暢遊南韓國家，讓您的大腦熱起來！
1062,2,南韓國家漫遊，讓您的思緒更加清晰！
1063,2,透過南韓國家漫遊，激發您的心智能量！
1064,2,南韓國家漫遊，增強您的腦部機能！
1065,2,體驗南韓國家之美，讓您的大腦熱血沸騰！
1066,2,南韓國家漫遊，為您的智慧注入源源不斷的能量！
1067,2,漫遊南韓國家，啟發您充滿創造力的大腦！
1068,2,南韓國家之美，助您提升思維框架！
1069,2,南韓國家漫遊，挑戰您的思考極限！
1070,2,南韓國家之旅，讓您的大腦與眼界同步升級！
1071,2,探索南韓的傳統村落和文化遺產，感受其獨特的美學風格。
1072,2,漫步南韓的城市街頭，品味當地的美食和文化氛圍。
1073,2,深度了解南韓的歷史和人文，探尋其多元的文化發展歷程。
1074,2,體驗南韓的流行文化和時尚風潮，了解當地年輕人的生活方式。
1075,2,游覽南韓的美麗自然景觀，感受大自然的神秘魅力。
1076,2,參與南韓的傳統節慶活動，感受浓郁的當地文化特色。
1077,2,探索南韓的古蹟和名勝景點，了解其深奥的歷史和文化背景。
1078,2,體驗南韓的農村生活和農業文化，了解當地人民的生活方式和傳統文化。
1079,2,與南韓當地人民交流互動，體驗當地的熱情和友善。
1080,2,在南韓的海灘度假勝地休閒，放松身心，享受南韓的美好風景和氛圍。
1081,2,透過「南韓皇朝漫遊方案」，您可以探索南韓的皇朝文化與歷史。
1082,2,「南韓皇朝漫遊方案」是一個深度遊覽南韓皇朝時期的絕佳選擇。
1083,2,深入了解南韓皇朝的瑰寶，這是「南韓皇朝漫遊方案」帶給您的體驗。
1084,2,通過「南韓皇朝漫遊方案」，您可以走訪南韓最著名的皇宮以及其他皇朝遺跡。
1085,2,「南韓皇朝漫遊方案」的旅遊行程將帶您穿越時空，探索南韓悠久的皇朝歷史。
1086,2,「南韓皇朝漫遊方案」提供的旅遊體驗將給您帶來難忘的文化之旅。
1087,2,探索南韓皇朝的風采，「南韓皇朝漫遊方案」是您不容錯過的選擇。
1088,2,「南韓皇朝漫遊方案」讓您可以身臨其境地了解南韓的皇宮文化。
1089,2,「南韓皇朝漫遊方案」提供了貼心的導遊服務，讓您深度了解南韓皇朝的種種神秘。
1090,2,南韓皇朝的輝煌歷史等待著您，「南韓皇朝漫遊方案」是您探索的完美選擇。
1091,2,在南韓王國漫遊，可以欣賞到豐富的文化遺產和傳統手工技藝。
1092,2,南韓王國漫遊的行程中，不可錯過品嘗當地的傳統美食。
1093,2,南韓王國漫遊，可以體驗當地的傳統樂器演奏和舞蹈表演。
1094,2,遊覽南韓王國，可以了解其特殊的哲學思想和宗教信仰。
1095,2,南韓王國漫遊，可以欣賞到各式各樣的美麗風景和建築景觀。
1096,2,在南韓王國旅行中，可以深入了解其發展歷程和現代文化。
1097,2,南韓王國漫遊的行程中，可以聆聽當地居民的故事和歷史。
1098,2,體驗南韓王國的傳統手工藝和製作工藝，了解其悠久的歷史與文化。
1099,2,南韓王國漫遊，可以參與當地的傳統節慶和慶典活動，感受當地人民的熱情和豐富文化。
1100,2,南韓王國漫遊，可以與當地人民進行文化交流，體驗當地生活和風俗習慣。
1101,2,探索南韓的各個城市和小鎮，了解當地人文歷史、飲食文化和風光壯麗的自然景色。
1102,2,欣賞南韓獨特的音樂、藝術和時尚風格，感受現代化和傳統文化的融合。
1103,2,體驗南韓的傳統休閒活動，如泡溫泉、韓式按摩、跳舞等，放鬆身心靈。
1104,2,參觀南韓的博物館、藝術館、遺址等文化古蹟，了解當地的歷史和文化。
1105,2,品嚐南韓各地美食，包括烤肉、泡菜、石鍋拌飯和傳統餅乾等，開啟美食之旅。
1106,2,到南韓的購物區逛街購物，挑選當地的時裝、化妝品和手工藝品，體驗購物狂歡。
1107,2,旅遊南韓的海灘和島嶼，享受陽光、沙灘和大海的美景。
1108,2,到南韓的主題公園和遊樂場玩樂，體驗刺激的遊戲和娛樂活動。
1109,2,參加南韓的節日和活動，如清明節、春川冬季音樂節等，感受當地的文化氛圍。
1110,2,深入了解南韓的政治、經濟和社會發展，了解南韓在世界舞台上的重要性。
1111,2,探索南韓政權的歷史與文化。
1112,2,體驗南韓政權的設施與建築。
1113,2,發現南韓政權的美食與娛樂。
1114,2,參觀南韓政權的博物館與藝術展覽。
1115,2,深入了解南韓政權的政治體系與改革。
1116,2,探究南韓政權的社會環境與教育制度。
1117,2,感受南韓政權的科技與創新。
1118,2,體驗南韓政權的街頭文化與時尚。
1119,2,探險南韓政權的自然風景與戶外活動。
1120,2,深入體驗南韓政權的傳統與現代的交匯。
1121,2,探索南韓國度的自然美景，感受大自然的靈氣。
1122,2,品嚐南韓國度的美食，並了解當地的飲食文化。
1123,2,遊覽南韓國度的歷史古跡和文化景點，體驗當地深厚的文化底蘊。
1124,2,親身體驗南韓國度的娛樂產業，感受當地綜藝節目和音樂的魅力。
1125,2,進入南韓國度的商業區域，探索各類型商店和市場，體驗當地購物文化。
1126,2,參加南韓國度的體育活動，例如觀看棒球比賽或足球比賽。
1127,2,在南韓國度的海灘或山區進行戶外活動，例如沙灘排球或健行等。
1128,2,參觀南韓國度的博物館和美術館，了解當地的藝術和歷史。
1129,2,參加南韓國度的節日和慶典，體驗當地的宗教和文化習俗。
1130,2,與當地人交流，了解南韓國度的日常生活和社會文化。
1131,2,南韓門票通行方案
1132,2,南韓地區聯名通行證
1133,2,南韓多區域門票套票方案
1134,2,南韓旅遊通行證計畫
1135,2,南韓聯絡通行證方案
1136,2,南韓多區門票一次的計畫
1137,2,南韓多區觀光通行證
1138,2,南韓巡迴漫遊證計畫
1139,2,南韓區域觀光通行證方案
1140,2,南韓周遊門票組合方案
1141,2,讓您在南韓不同城市之間自由漫遊的聯盟方案。
1142,2,提供多種聯盟方案，讓您輕鬆遊覽南韓各地。
1143,2,十分便利的南韓聯盟方案，讓您省錢省力又省時間。
1144,2,讓您在南韓旅遊期間享受極致自由的聯盟方案。
1145,2,提供豐富的南韓聯盟方案，滿足您不同需求的旅遊安排。
1146,2,精心策劃的南韓聯盟方案，為您帶來無比愉悅的旅遊體驗。
1147,2,選擇聯盟方案，讓您隨意探索南韓各地獨特風情。
1148,2,輕鬆規劃南韓旅遊行程，選擇聯盟方案，省下一筆又一筆的花費。
1149,2,讓您在南韓旅遊中省去煩惱的聯盟方案，讓您更輕鬆愉快地旅行。
1150,2,不同的南韓聯盟方案，讓您享受獨一無二的旅遊體驗。
1151,2,探索這個小迷人的島國。
1152,2,逛遍新加坡帝國的所有骄傲景點。
1153,2,發現這個國家過去與現在的故事。
1154,2,經歷一場前所未有的文化體驗。
1155,2,瞭解新加坡帝國的獨特風土人情。
1156,2,品嚐當地特色美食，品味不同的文化風味。
1157,2,狂歡於新加坡帝國的節慶與娛樂活動。
1158,2,看見新加坡帝國的現代化建設與未來展望。
1159,2,暢遊新加坡帝國的島嶼，享受寧靜與美麗。
1160,2,留下美好的回憶，成為新加坡帝國的一份子。
1161,2,讓我們一起探索新加坡的風土人情吧！
1162,2,透過這個國家漫遊計畫，我們將深入體驗新加坡的多元文化。
1163,2,新加坡的美食、建築、藝術和歷史都值得我們細細品味。
1164,2,讓我們跟隨這個國家漫遊計畫，發現新加坡的獨特魅力。
1165,2,在這個探險中，我們將領略新加坡的多元文化背景，以及它對現代社會的影響。
1166,2,新加坡的多元文化和創新動力是它獨特的魅力所在。
1167,2,這個國家漫遊計畫將讓我們感受到新加坡的現代風貌和古老傳統。
1168,2,讓我們一同探索新加坡的珍貴歷史和文化寶藏。
1169,2,這個國家漫遊計畫將帶領我們深入了解新加坡的多元社會和文化特色。
1170,2,讓我們在新加坡的漫遊中，領略到這個城市不同的文化特色和生活方式。
1171,2,抱歉，作為AI語言模型，我無法理解您所謂的「新加坡國家漫遊想法」的定義。請提供更詳細的說明，我會盡力為您解答。
1172,2,在新加坡國家華而不實的夜景下漫遊。
1173,2,漫步新加坡國家綠意盎然的社區。
1174,2,在新加坡國家宜人的海濱散步。
1175,2,在新加坡國家古老和現代化的融合中漫游。
1176,2,在新加坡國家盡情感受當地美食文化。
1177,2,漫步新加坡國家迷人的植物園。
1178,2,在新加坡國家深入地體驗本地人的生活方式。
1179,2,在新加坡國家豐富的藝術與文化之間漫步。
1180,2,在新加坡國家融合了東方和西方文化的城市裡漫遊。
1181,2,在新加坡國家如詩般的風景下漫步。
1182,2,實行全國範圍內的漫遊策略
1183,2,推動全國性的遊覽計畫
1184,2,提倡全民旅遊，提高人民文化素質
1185,2,鼓勵國民探索本地景點和文化
1186,2,強化國家旅遊形象，吸引更多國際旅客
1187,2,推廣本地特色文化和傳統產業，吸引更多遊客
1188,2,發掘並推廣本地自然美景和景點
1189,2,提供多樣化的旅遊體驗和設施
1190,2,加強國內旅遊宣傳和推廣
1191,2,鼓勵地方政府發展本地旅遊業，促進經濟發展
1192,2,悠閒漫步新加坡國家公園。
1193,2,探索新加坡國家博物館的文化寶藏。
1194,2,在新加坡國家美術館欣賞當代藝術作品。
1195,2,搭乘觀光巴士遊覽新加坡國家地標。
1196,2,逛遍新加坡國家商場尋找最新時尚。
1197,2,在新加坡國家海洋公園和海洋生物互動。
1198,2,遊覽新加坡國家文化遺產，了解歷史背景。
1199,2,品嚐新加坡國家美食，如辣椒蟹和海南雞飯。
1200,2,在新加坡國家體育場觀賞音樂會或運動比賽。
1201,2,聆聽新加坡國家交響樂團的現場演出。
1202,2,探索新加坡，國家漫遊。
1203,2,玩轉新加坡，國家漫遊。
1204,2,旅遊新加坡，國家漫遊。
1205,2,享受新加坡，國家漫遊。
1206,2,體驗新加坡，國家漫遊。
1207,2,發現新加坡，國家漫遊。
1208,2,探險新加坡，國家漫遊。
1209,2,冒險新加坡，國家漫遊。
1210,2,旅行新加坡，國家漫遊。
1211,2,尋找新加坡，國家漫遊。
1212,2,探索新加坡国家公园，体验自然与城市的完美结合。
1213,2,走遍新加坡各个文化街区，欣赏不同种族、宗教、语言的独特风情。
1214,2,从滨海湾花园到芳林公园，沿路品尝新加坡特色美食，享受美食之旅。
1215,2,感受新加坡的夜生活，逛逛繁华的购物街，参加文艺活动，体验独特的综合娱乐场所。
1216,2,走进博物馆和画廊，探索新加坡的艺术史和文化发展。
1217,2,穿越时空，参观新加坡的历史遗迹和建筑，回顾新加坡的传奇历史。
1218,2,到新加坡周边的小岛旅行，享受海滩和海洋的美妙。
1219,2,参加新加坡传统节日庆典，了解文化习俗和传统习惯。
1220,2,逛新加坡的街头市集，购买当地特色手工艺品和纪念品。
1221,2,在新加坡的度假村和设施完备的酒店中，放松身心，享受豪华度假的乐趣。
1222,2,探索新加坡的多元文化，品嚐當地美食，體驗獨特的風俗習慣。
1223,2,感受新加坡的現代化與綠化，欣賞城市中的美麗景色，享受現代化城市的便利。
1224,2,深入了解新加坡的歷史發展和文化影響，探究當地的博物館和文化機構。
1225,2,暢遊新加坡的海灘和水上活動，享受陽光和沙灘的美好，體驗水上活動的刺激和樂趣。
1226,2,踏遍新加坡的步道和公園，感受綠色的魅力和大自然的震撼，享受健身的樂趣。
1227,2,參加新加坡的節慶和活動，融入當地的文化氛圍和節日氣氛，體驗多彩的文化風情。
1228,2,深度體驗新加坡的藝術與文學，欣賞當地藝術家和作品，體驗文學的文化魅力。
1229,2,穿越新加坡的胡同和市集，品味美食和文化特色，體驗傳統手工藝的製作過程。
1230,2,遊覽新加坡的商業區和購物中心，探尋當地的時尚和流行文化，享受購物的樂趣和刺激。
1231,2,參觀新加坡的科技和創新中心，了解當地的科技研發和產業發展，體驗創新的魅力和價值。
1232,2,把新加坡國家漫遊計畫書帶上旅行是必要的。
1233,2,如果你來新加坡旅遊，一定要介紹新加坡國家漫遊計畫書給你。
1234,2,新加坡國家漫遊計畫書包含了所有值得一去的景點和活動。
1235,2,想要暢遊新加坡，首先要攜帶新加坡國家漫遊計畫書。
1236,2,任何人來到新加坡旅遊前，應該先看一下新加坡國家漫遊計畫書。
1237,2,新加坡國家漫遊計畫書幫助你計畫旅程，讓你不會浪費時間和金錢。
1238,2,規劃一次成功的新加坡旅遊，必定要與新加坡國家漫遊計畫書為伴。
1239,2,有了新加坡國家漫遊計畫書，你可以完整體驗新加坡的文化和風景。
1240,2,新加坡國家漫遊計畫書是新加坡政府推出的旅遊指南，絕對值得信賴。
1241,2,新加坡國家漫遊計畫書是新加坡旅遊的必備品，讓你的旅程更加豐富有趣。
1242,2,新加坡國家漫遊是一個很棒的活動，可以讓你挑戰自己的腦力。
1243,2,在新加坡國家漫遊中，你可以學習新知識、拓展自己的思維方式。
1244,2,參加新加坡國家漫遊可以讓你體驗到大量的刺激和快樂。
1245,2,通過新加坡國家漫遊，你可以開發自己的智力潛能。
1246,2,新加坡國家漫遊可以幫助你改善自己的問題解決能力。
1247,2,參加新加坡國家漫遊可以讓你與朋友一同享受腦力激盪的樂趣。
1248,2,新加坡國家漫遊是一個極具挑戰性的活動，可以讓你全面提高自己的腦力能力。
1249,2,通過新加坡國家漫遊，你可以發現自己的創造力和想像力。
1250,2,新加坡國家漫遊是一個有趣且具有意義的活動，可以讓你更深入了解新加坡的歷史文化。
1251,2,在新加坡國家漫遊中，你可以不斷挑戰自己，改善自己的思考方式和看待事物的角度。
1252,2,探索新加坡的历史文化和多元化美食
1253,2,漫游新加坡国家博物馆和美术馆，了解本土艺术和文化
1254,2,到意料之外的地方探险，发现新加坡的独特之处
1255,2,沉浸在新加坡夜生活的热闹与娱乐
1256,2,在新加坡世界级的主题公园游玩，尽情感受刺激和乐趣
1257,2,漫步新加坡的公园和动植物园，欣赏自然美景
1258,2,体验新加坡舞蹈和音乐的魅力，感受独特的文化氛围
1259,2,在海滨享受日光浴和水上运动，度过愉快的时光
1260,2,通过参加当地活动或节日庆典加深对新加坡文化的理解
1261,2,在新加坡最著名的购物区购物，尝试各种地道美食和艺术品。
1262,2,探索新加坡皇朝的文化遺產，品味當地的經典美食。
1263,2,跟隨專業導遊進行新加坡皇朝之旅，了解當地的歷史和文化。
1264,2,逛遍新加坡皇朝的寺廟、宮殿和博物館，欣賞當地文化藝術。
1265,2,深入體驗新加坡皇朝的風情，了解其傳統文化和現代發展。
1266,2,漫遊美麗的新加坡皇朝景點，體驗當地的文化傳統和現代風貌。
1267,2,體驗新加坡皇朝的獨特文化氛圍，領略其傳統美食和文化藝術。
1268,2,聆聽新加坡皇朝的故事，深入體驗當地的歷史文化和現代發展。
1269,2,在新加坡皇朝漫遊中尋找靈感，親身體驗當地的文化傳承和創新發展。
1270,2,在新加坡皇朝尋找獨特的文化體驗，在當地感受到歷史和現代的交融。
1271,2,品味新加坡皇朝的美食和文化，深入體驗當地的歷史和現代發展的交流和融合。
1272,2,新加坡王國漫遊計劃
1273,2,新加坡旅行探險方案
1274,2,新加坡國度遊歷規劃
1275,2,新加坡探索之旅建議
1276,2,新加坡尋秘之旅安排
1277,2,新加坡王國探險行程
1278,2,新加坡王國巡禮建議
1279,2,新加坡王國遊歷方案
1280,2,新加坡國家探險路線
1281,2,新加坡國度尋找旅程
1282,2,走訪新加坡各州，體驗多元文化。
1283,2,探索新加坡的海洋及自然生態。
1284,2,遊覽新加坡的美食之都，品嚐地道美味。
1285,2,享受新加坡的夜生活，感受城市的活力。
1286,2,深入了解新加坡的歷史和文化。
1287,2,漫步新加坡的街頭巷尾，探索創意藝術。
1288,2,遊覽新加坡的名勝古蹟，感受古老的文明。
1289,2,暢遊新加坡的刺激水上樂園，挑戰自我。
1290,2,品味新加坡的高級酒店和度假村。
1291,2,深入體驗新加坡的商業和創新文化。
1292,2,新加坡政權漫遊方案白皮書旨在探討提高政府的效率與能力。
1293,2,推動新加坡政權漫遊方案是促進公共服務和政策的升級和前进。
1294,2,将新加坡政權漫遊方案纳入国家战略计划，可以更好地维护人民的权益。
1295,2,新加坡政權漫遊方案可以帮助政府在管理过程中更有效地应对复杂的挑战。
1296,2,新加坡政權漫遊方案的实施意义重大，能够提升政策制定者和公共机构的水平。
1297,2,新加坡政權漫遊方案强调领导者应更加注重历练和经验积累。
1298,2,推进新加坡政權漫遊方案可有效地改善公共服务和政策的实施和推行。
1299,2,通过新加坡政權漫遊方案，政府精英可以更系统、科学地理解和解决公共问题。
1300,2,新加坡政權漫遊方案能够优化公共管理模式，提高政策和服务的效率和效益。
1301,2,新加坡政權漫遊方案的实施，可以促进机构间更广泛、更深入的合作和协调。
1302,2,在探索新加坡國度時，可以規劃各種行程，方便漫遊。
1303,2,新加坡國度有各種旅遊選項，可供熱愛旅遊的人們探索。
1304,2,新加坡國度旅遊行程豐富多樣，讓人可以盡情享受各種體驗。
1305,2,人們可以選擇不同的旅遊方式來探索新加坡國度，有步行、自行車等多種方式可供選擇。
1306,2,新加坡國度有眾多知名景點和美食，讓人可以感受到豐富的文化和美食風情。
1307,2,在漫遊新加坡國度時，人們可以參與當地的娛樂和文化活動，體驗當地的生活。
1308,2,新加坡國度的旅遊資源十分豐富，每一次旅遊行程都會有新的發現。
1309,2,遊客可以利用當地的公共交通系統來方便地漫遊新加坡國度。
1310,2,新加坡國度有許多古跡和博物館，可以讓人感受到當地的歷史和文化。
1311,2,在新加坡國度漫遊時，可以順便體驗當地的SPA以及按摩服務，放鬆身心。
1312,2,新加坡聯邦漫遊方案提供您跨越多個城市和地區的自由旅行。
1313,2,使用新加坡聯邦漫遊方案，您可以在不同國家和地區之間無限制漫遊。
1314,2,選擇新加坡聯邦漫遊方案，您可以享受方便的國際訪問和通信。
1315,2,新加坡聯邦漫遊方案讓您輕鬆掌握在海外旅行中的通訊需求。
1316,2,新加坡聯邦漫遊方案提供您在國際漫遊時節省費用的選擇。
1317,2,使用新加坡聯邦漫遊方案，您可以在各個城市和地區間享受無限流量的數據服務。
1318,2,新加坡聯邦漫遊方案為您提供在海外旅行中保持聯繫的最佳方式。
1319,2,選擇新加坡聯邦漫遊方案，您可以在不同國家和地區保持您的號碼和聯絡人。
1320,2,新加坡聯邦漫遊方案讓您在國際漫遊時輕鬆探索各個城市的文化和風景。
1321,2,使用新加坡聯邦漫遊方案，您可以在國際漫遊時享受流暢和可靠的通信體驗。
1322,2,探索新加坡联盟的美景和景点。
1323,2,漫游新加坡联盟，发现其历史和文化。
1324,2,体验新加坡联盟的美食和购物文化。
1325,2,欣赏新加坡联盟的建筑和艺术。
1326,2,领略新加坡联盟的自然和户外活动。
1327,2,感受新加坡联盟的人文和社交风情。
1328,2,享受新加坡联盟的健康与休闲生活。
1329,2,沉浸在新加坡联盟的音乐和表演中。
1330,2,落户新加坡联盟，创造您的新家。
1331,2,新加坡联盟，体验世界文化融合的城市。
1332,2,探索菲律賓古老的帝國遺址
1333,2,踏上菲律賓古代帝王走過的步伐
1334,2,感受菲律賓帝國的歷史文化氛圍
1335,2,穿越時空，了解菲律賓帝國的興衰
1336,2,尋找菲律賓帝國的神秘面紗
1337,2,探究菲律賓帝國對現代社會的影響
1338,2,暢遊菲律賓帝國的城市與鄉村
1339,2,感受菲律賓帝國曾經的盛極一時
1340,2,從中了解菲律賓帝國對亞洲政治文化的影響
1341,2,欣賞菲律賓帝國的藝術與建築之美
1342,2,菲律賓國家漫遊計畫是一個很棒的旅遊選擇。
1343,2,認識菲律賓的文化和歷史是菲律賓國家漫遊計畫的主要目的。
1344,2,菲律賓國家漫遊計畫提供了探索菲律賓各個角落的難得機會。
1345,2,菲律賓國家漫遊計畫給人留下難忘的回憶和深刻的印象。
1346,2,透過菲律賓國家漫遊計畫，能夠瞭解菲律賓自然和人文風貌。
1347,2,菲律賓國家漫遊計畫能夠讓你體驗菲律賓的美食和體育文化。
1348,2,菲律賓國家漫遊計畫是一個充滿挑戰和刺激的旅行計劃。
1349,2,菲律賓國家漫遊計畫可以讓你交朋友，拓展人脈和經驗。
1350,2,菲律賓國家漫遊計畫能夠讓你享受陽光、沙灘、海浪和水上活動。
1351,2,菲律賓國家漫遊計畫是一個非常富有教育和啟發性的旅遊體驗。
1352,2,探索菲律賓不同的地區和文化。
1353,2,感受菲律賓美麗的自然景觀。
1354,2,了解菲律賓獨特的歷史和遺產。
1355,2,享受菲律賓經典的美食和當地美食。
1356,2,逛菲律賓最著名的市場和商店。
1357,2,體驗菲律賓不同的娛樂活動和節日。
1358,2,參觀菲律賓最受歡迎的景點和博物館。
1359,2,學習菲律賓當地語言和文化傳統。
1360,2,探索菲律賓最美麗的珊瑚礁和海洋生物。
1361,2,與當地人交流並學習他們的生活方式和習慣。
1362,2,探索菲律賓的各個角落。
1363,2,到菲律賓的不同地區旅行。
1364,2,體驗菲律賓當地文化和傳統。
1365,2,深入了解菲律賓的歷史和遺產。
1366,2,品嚐菲律賓的美食和當地特色菜。
1367,2,享受菲律賓的美麗景色和自然環境。
1368,2,尋找菲律賓的最佳海灘和海域。
1369,2,在菲律賓探索山區和自然保護區。
1370,2,欣賞菲律賓的建築和藝術。
1371,2,與當地人交流，體驗菲律賓的生活方式。
1372,2,菲律賓國際漫遊策略可以讓旅客更方便地旅遊該國。
1373,2,菲律賓全國漫遊計劃能夠為旅客提供更簡便的旅遊方式。
1374,2,在菲律賓的漫遊旅行計劃可以使旅客更輕鬆地遊覽全國。
1375,2,通過菲律賓國家漫遊策略，旅客可以更舒適地享受該國的獨特文化。
1376,2,參與菲律賓國家漫遊策略，能讓旅客更輕松地體驗該國的優美景色。
1377,2,借助菲律賓全國漫遊計劃，旅客可以更加無憂地探索該國的各個角落。
1378,2,菲律賓國際漫遊策略能使旅客更方便地遊歷該國的豐富文化。
1379,2,通過菲律賓國家漫遊策略，旅客可更加輕鬆地品味該國的瑰麗風光。
1380,2,在菲律賓的漫遊旅遊計劃能夠為旅客提供更豐富的旅行體驗。
1381,2,參加菲律賓全國漫遊計劃，可以讓旅客更好地體驗該國的異彩紛呈。
1382,2,在菲律賓旅遊時，可以到不同地方漫遊。
1383,2,在菲律賓旅遊時，可以隨意遊歷各地。
1384,2,在菲律賓旅行時，可以到處探險。
1385,2,在菲律賓遊歷時，可以任意跑趴。
1386,2,在菲律賓逛街時，可以四處閒晃。
1387,2,在菲律賓旅程中，可以尋找未知的國家之寶。
1388,2,在菲律賓遨遊時，可以隨心所欲的探索。
1389,2,在菲律賓旅途中，可以盡情探險。
1390,2,在菲律賓旅行時，可以暢遊大自然。
1391,2,在菲律賓漫遊時，可以到處尋找驚喜。
1392,2,在菲律賓國內巡迴旅行。
1393,2,到菲律賓各地漫遊。
1394,2,在菲律賓境內四處遊覽。
1395,2,在菲律賓各地區遊玩。
1396,2,在菲律賓不同城市旅遊。
1397,2,在菲律賓各省旅行。
1398,2,在菲律賓境內遊歷。
1399,2,在菲律賓境內旅途中探索各地。
1400,2,在菲律賓內地暢遊。
1401,2,在菲律賓境內漫步。
1402,2,菲律賓國家漫遊方案旨在讓旅客深入了解該國文化和風土人情。
1403,2,菲律賓國家漫遊方案提供了豐富多彩的旅遊體驗，包括美食、景點、活動等。
1404,2,菲律賓國家漫遊方案是一個全面的旅遊計畫，可以滿足不同旅客的需求和偏好。
1405,2,菲律賓國家漫遊方案將帶您進入一個神秘而美麗的世界，充滿歷史和傳奇。
1406,2,菲律賓國家漫遊方案包括豐富的海灘和島嶼旅遊，充滿驚喜和舒適。
1407,2,菲律賓國家漫遊方案是一個充滿挑戰性的冒險，將讓您體驗到不一樣的旅遊精神。
1408,2,菲律賓國家漫遊方案讓你充分體驗到該國獨有的文化和傳統，讓你難以忘記。
1409,2,菲律賓國家漫遊方案是一個可以讓您度過難忘假期的旅遊計畫。
1410,2,菲律賓國家漫遊方案是一個獨具特色的旅遊計畫，將給您帶來前所未有的驚喜和樂趣。
1411,2,菲律賓國家漫遊方案提供了各種有趣的旅遊活動，您可以根據自己的喜好進行選擇和安排。
1412,2,探索菲律賓的豐富文化遺產，包括殖民時期的建築和傳統藝術品。
1413,2,徜徉在菲律賓的美麗海岸線上，享受陽光、海灘和水上活動。
1414,2,前往菲律賓的自然公園和保護區，體驗獨特的生態環境和野生動物。
1415,2,體驗菲律賓豐富多樣的美食文化，品嚐當地的傳統美食和國際美食。
1416,2,參加菲律賓盛大的傳統節日，如聖誕節、斗牛節和萬聖節等。
1417,2,前往菲律賓的歷史城市，了解該國的歷史和人文特色。
1418,2,前往菲律賓的海島度假，享受寧靜和美景，遠離城市的喧嘩和塵囂。
1419,2,探索菲律賓的異國文化，包括華人、馬來和西班牙等文化的影響。
1420,2,參加菲律賓的生態旅遊活動，如潛水、賞鯨和觀鳥等。
1421,2,前往菲律賓的跳島之旅，探訪其眾多的海島，並體驗當地的獨特風情。
1422,2,抱歉我們這邊的語言模型沒有特別針對「菲律賓國家漫遊計畫書」進行訓練，無法依據題目提供完全符合要求的句子。但是我們可以提供類似的句子作為參考：
1423,2,我們要去探索一個新的國度，那就是菲律賓。
1424,2,感覺像冒險家一樣，前往菲律賓展開國家漫遊計畫。
1425,2,我們打算去探索菲律賓這個美麗的國家，感受其文化與經濟。
1426,2,花費一些時間實現菲律賓國家漫遊計畫，是件令人興奮的事情。
1427,2,菲律賓一定會給我們留下深刻的印象，因為我們正在進行國家漫遊計畫。
1428,2,這個計畫是關於菲律賓的，但同樣也深刻地反映出人性和文化多樣性。
1429,2,學習探索菲律賓可能是一個新的旅程，但卻值得一做。
1430,2,菲律賓國家漫遊計畫提供了機會，讓我們了解這個國家的每個角落。
1431,2,勇敢追求我們的目標，即完成菲律賓國家漫遊計畫。
1432,2,菲律賓是一個令人興奮的國度，開始我們的國家漫遊計畫吧！
1433,2,菲律賓國家的探索絕對能裝備腦海。
1434,2,在漫遊菲律賓國家時，你可以激盪你的智力。
1435,2,菲律賓國家之旅能擴大你的心智。
1436,2,輕鬆漫遊菲律賓國家可以激發你的創造力。
1437,2,探索菲律賓國家能提高你的智商。
1438,2,菲律賓國家漫遊對你的思考能力有益。
1439,2,漫遊菲律賓國家可以激發你的靈感。
1440,2,菲律賓國家之旅可以提升你的思維能力。
1441,2,探索菲律賓國家可以啟發你的創意。
1442,2,菲律賓國家漫遊能增強你的大腦運作。
1443,2,探索菲律賓汗國的獨特文化和歷史。
1444,2,沉浸在菲律賓汗國的自然美景中。
1445,2,一起品嚐菲律賓汗國的美食文化。
1446,2,深入菲律賓汗國的宗教信仰和傳統習俗。
1447,2,體驗菲律賓汗國熱情友善的民風。
1448,2,前往菲律賓汗國的海灘度假勝地，享受陽光和沙灘。
1449,2,從菲律賓汗國的博物館和美術館中了解當地的藝術與文化。
1450,2,跟隨菲律賓汗國的節慶活動和娛樂節目，感受當地熱情的氛圍。
1451,2,遊覽菲律賓汗國的古建筑和遺址，探索當地悠久的歷史。
1452,2,與當地居民互動交流，了解菲律賓汗國的獨特社會和文化背景。
1453,2,探訪菲律賓皇朝的歷史和文化，了解這個國家豐富多彩的過去和現在。
1454,2,遊覽菲律賓皇朝的宮殿和博物館，深入了解這個國家的皇朝生活和文化。
1455,2,感受菲律賓皇朝的浪漫和浪漫，探索這個國家著名的景點和名勝古蹟。
1456,2,享受菲律賓皇朝的美食和酒店，品嚐當地的美食和酒店，體驗當地人的生活方式。
1457,2,品味菲律賓皇朝的音樂和舞蹈，感受這個國家豐富多彩的音樂和舞蹈文化。
1458,2,探險菲律賓皇朝的自然和生態，體驗這個國家的美麗自然風光和珍稀野生動物。
1459,2,徜徉菲律賓皇朝的沙灘和海洋，享受這個國家的壯麗海岸線和清澈海水。
1460,2,了解菲律賓皇朝的宗教和信仰，參觀這個國家的宗教場所和文化中心。
1461,2,感受菲律賓皇朝的節日和慶典，參加當地的節日和文化活動，體驗當地熱情的氛圍。
1462,2,學習菲律賓皇朝的語言和文字，了解菲律賓的悠久歷史和文化傳承。
1463,2,探索菲律賓王國絕美景觀，感受當地獨特文化氛圍。
1464,2,漫遊菲律賓王國，發現尚未被發掘的美食、手工藝品和傳統音樂文化。
1465,2,在菲律賓王國旅行，您可以享受遠離城市喧囂的寧靜時光，並近距離體驗自然生態美景。
1466,2,菲律賓王國奇妙的自然地貌、多元化的民族文化、精美的建築風格等各種元素，將為您的旅程帶來豐富多彩的體驗。
1467,2,帶著您的家人或朋友來菲律賓王國尋找真正的休閒和放鬆，體驗島嶼風情與美食文化的完美融合。
1468,2,在菲律賓王國冒險旅行，探索壯麗的山脈、美麗的海灘和神秘的洞穴，給您帶來刺激和遠足的快感。
1469,2,探索菲律賓王國，讓您的靈魂和身體重回自然，感受純淨的綠水青山，回歸真正的自我。
1470,2,菲律賓王國是一個充滿誘惑和魅力的地方，您將發現這個國家的想象力和創造力，讓您對生活有一個全新的體驗。
1471,2,漫步菲律賓王國的街道，留下深刻的文化和歷史印象，帶著您的相機，一起捕捉難忘的瞬間。
1472,2,不論您想什麼樣的旅行風格，菲律賓王國總是滿足每一個人的需求，激發您的探險精神，為您帶來無盡的刺激。
1473,2,探索菲律賓的各個領土，體驗當地的文化和美食。
1474,2,為了更深入了解菲律賓，我們將遊歷該國所有領土。
1475,2,沿著菲律賓的各個島嶼漫遊，探索每個地方的獨特風景和人文特色。
1476,2,讓我們跨越菲律賓的各個城市和鄉村，欣賞當地的迷人風景和令人驚嘆的建築。
1477,2,用漫遊的方式，了解遍布菲律賓領土的珍貴寶藏。
1478,2,欣賞菲律賓的豐富生態和美麗風景，是我們這次穿越該國領土的主要目的。
1479,2,在菲律賓的每個角落探索風土民情，探險心情漸漸升起。
1480,2,參觀菲律賓的各個城市和小鎮，深入了解該國的文化和生活方式。
1481,2,開始你的菲律賓領土之旅，發現每個地方獨特的魅力和魔力。
1482,2,透過漫遊，我們將深入了解菲律賓這個美麗國家的生活方式、文化和景觀。
1483,2,菲律賓領導層經常改變政策，難以預測政治動向。
1484,2,菲律賓的政治局勢不穩定，需要時刻密切關注。
1485,2,每次政府更迭後都會帶來新的政策和改變，可能對商業環境造成影響。
1486,2,菲律賓的政治環境充滿著不確定性，需要謹慎應對。
1487,2,菲律賓的政治氛圍不斷變化，可能會對投資產生影響。
1488,2,菲律賓的政治環境充滿著變化和挑戰，企業需要具備應對能力。
1489,2,菲律賓的政策常常不穩定，可能會對經濟發展帶來負面影響。
1490,2,菲律賓的政治環境常常波動，需要關注和適應。
1491,2,菲律賓的政治局勢經常變化，需要一定程度的風險管理措施。
1492,2,菲律賓的政府政策變化多端，需要根據場景和時機做出反應。
1493,2,走遍菲律賓，體驗獨特的文化和美麗風景。
1494,2,探索菲律賓多元的自然景觀和生態系統。
1495,2,穿越菲律賓的峽谷和山脈，享受自然之美。
1496,2,品嚐菲律賓的美食和當地特色美食。
1497,2,向菲律賓的歷史和文化致敬。
1498,2,在菲律賓的沙灘上休閒放鬆，享受海灘度假的美好時光。
1499,2,前往菲律賓的海洋公園，認識當地珍貴的海洋生態系統。
1500,2,深入菲律賓的小樂園，體驗當地人生活的趣味。
1501,2,花時間與當地人交流，了解菲律賓獨特的文化和背景。
1502,2,在菲律賓的山區和農村體驗生態旅遊，深度了解當地的文化和傳統。
1503,2,菲律賓聯邦漫遊方案提供了多種選擇，讓遊客可以盡情探索這個國家。
1504,2,透過菲律賓聯邦漫遊方案，遊客可以自由自在地享受探索旅程。
1505,2,菲律賓聯邦漫遊方案允許遊客隨心所欲地選擇旅遊路線。
1506,2,即使是第一次到訪菲律賓，使用聯邦漫遊方案將使你感覺輕鬆自在。
1507,2,菲律賓聯邦漫遊方案確保了遊客的安全和舒適感。
1508,2,使用菲律賓聯邦漫遊方案，你可以輕鬆地參與當地文化體驗活動。
1509,2,菲律賓聯邦漫遊方案讓你可以隨意更改你的旅遊計畫。
1510,2,菲律賓聯邦漫遊方案可以幫助你省去不必要的煩惱和壓力。
1511,2,使用聯邦漫遊方案，你可以更充分地體驗菲律賓所提供的旅遊魅力。
1512,2,透過菲律賓聯邦漫遊方案，你可以完全適應當地文化和風俗習慣。
1513,2,菲律賓聯盟的漫遊方案可讓您在多個航空公司間享受優惠。
1514,2,菲律賓聯盟提供多種漫遊方案，讓您隨時隨地自由選擇。
1515,2,透過菲律賓聯盟的漫遊方案，您可以輕鬆為旅行計劃增添更多享受。
1516,2,菲律賓聯盟提供靈活多樣的漫遊方案，讓您遊走全球輕鬆自在。
1517,2,菲律賓聯盟為您提供多種漫遊方案，不論是商務還是休閒旅遊都適用。
1518,2,菲律賓聯盟的漫遊方案讓您在不同的航空公司間享受費用優惠。
1519,2,透過菲律賓聯盟的漫遊方案，您可以輕易規劃完美的旅遊計劃。
1520,2,菲律賓聯盟提供多種漫遊方案，讓您的旅行更加便利和舒適。
1521,2,菲律賓聯盟的漫遊方案讓您輕鬆擁有更多旅行體驗的機會。
1522,2,菲律賓聯盟提供高效，快捷的漫遊方案，讓您的旅遊更加順利和舒心。
1523,2,美國的帝國漫遊方案很受歡迎，讓你體驗全美國的文化和風景。
1524,2,帝國漫遊是一種讓你深入了解美國歷史和文化的絕佳方式。
1525,2,通過帝國漫遊，你可以探索美國的各個角落，並瞭解不同地區的生活方式和文化。
1526,2,帝國漫遊是一種包含旅行、觀光和學習的全方位體驗。
1527,2,帝國漫遊將帶你穿越美國歷史，認識各個時代的人物和事件。
1528,2,帝國漫遊是一種領略美國多元文化和風景的好方法。
1529,2,通過帝國漫遊，你可以體驗美國不同地域的美食、建築和自然景觀。
1530,2,帝國漫遊將帶你沿著美國西部和東部的路線，探索不同的地理和氣候條件。
1531,2,帝國漫遊不僅讓你愉悅，還能拓展你對世界的視野，增進對不同文化的理解。
1532,2,帝國漫遊是一種讓你感受美國全景的旅行方式，讓你瞭解更多關於這個國家的故事和價值觀。
1533,2,美國國家旅遊計畫
1534,2,跨越美國各州旅行計畫
1535,2,瀏覽美國各地旅行計畫
1536,2,透過美國旅行計畫，認識全國風土人情
1537,2,環遊美國各景點旅遊計畫
1538,2,横跨美國各州的旅行路線規劃
1539,2,探索美國文化和風景旅行計畫
1540,2,透過美國國家公園旅行計畫，體驗自然之美
1541,2,美國州際公路旅遊計畫
1542,2,通過美國旅遊計畫，發現美麗的城市和文化豐富的村莊。
1543,2,在美國各地品嚐本地特色美食。
1544,2,在美國各州學習不同的文化和歷史。
1545,2,在美國各國家公園中欣賞壯麗的自然風光。
1546,2,在美國各地品嚐不同種類的啤酒和葡萄酒。
1547,2,在美國各大城市探索當地流行文化和藝術。
1548,2,在美國各地體驗不同種類的戶外活動。
1549,2,在美國各地欣賞獨特的建築風格和歷史建築。
1550,2,在美國各大學校園參觀世界級的科學和技術研究設施。
1551,2,在美國各地參加當地的傳統節日和慶典。
1552,2,在美國各地欣賞當地著名的音樂和表演藝術。
1553,2,在美國國家漫遊時，探索不同的景點是很有趣的事情。
1554,2,到不同的州遊玩，可以體驗到當地不同的文化和氛圍。
1555,2,開車穿越美國的公路，可以欣賞到壯麗的風景和自然美景。
1556,2,沿著海岸線漫遊，可以欣賞到美國美麗的海灘和海景。
1557,2,參觀美國國家公園，可以體驗到美國自然環境的奇妙之美。
1558,2,城市漫遊是體驗美國文化和現代化城市生活的好方法。
1559,2,前往美國的小鎮，體驗平靜和寧靜的生活方式，探索當地傳統文化。
1560,2,參加美國的文化節慶和活動，體驗到當地的文化和娛樂。
1561,2,前往美國的山區，享受山谷、湖泊和大自然的美麗風光。
1562,2,運用美國的鐵路系統，搭乘火車穿越美國各州，體驗旅行的別樣風味。
1563,2,使用美國國家漫遊策略，您可以探索這個美麗國家的自然風光和文化遺產。
1564,2,美國國家漫遊策略讓您可以隨心所欲地探索自己喜愛的城市和景點。
1565,2,使用美國國家漫遊策略，您可以以最經濟實惠的方式旅行，同時也可以享受到一個極致的旅行體驗。
1566,2,如果您正在計劃美國之旅，那麼使用美國國家漫遊策略必定是一個明智的選擇。
1567,2,無論是要來參觀美國的自然和人文景觀還是探索其悠久的歷史和文化，美國國家漫遊策略都能幫助您順利達成目標。
1568,2,如果您想要展開一次浪漫之旅，使用美國國家漫遊策略將是一個最棒的選擇。
1569,2,美國國家漫遊策略讓您可以在旅行中盡情享受當地的美食佳餚，同時也可以瞭解這美麗國家的文化。
1570,2,使用美國國家漫遊策略，您可以在旅途中結識新的朋友，感受到這個國家的友善和熱情。
1571,2,美國國家漫遊策略可以幫助您省去不必要的麻煩和花費，同時讓您能夠更加輕松地探索美國的各個角落。
1572,2,使用美國國家漫遊策略，您可以享受到最頂級的旅遊體驗，並為自己留下一生難忘的美好回憶。
1573,2,在美國國家公園中漫遊
1574,2,進行自駕車旅行探索美國
1575,2,騎行自行車環遊美國
1576,2,從城市到城市步行旅行
1577,2,坐火車在美國的各個地方旅行
1578,2,參加露營活動，穿越美國大草原
1579,2,大步走步道，遊覽美國國家公園
1580,2,駕車沿著美國海岸線漫遊
1581,2,搭乘遊輪環遊美國的東西海岸
1582,2,搭飛機從城市到城市旅行，跨越美國大陸
1583,2,美國國旅方式多種多樣。
1584,2,美國有很多不同的觀光方式。
1585,2,在美國，探索方式有很多選擇。
1586,2,美國的旅遊方式千姿百態。
1587,2,在美國旅行可以採用多種方式。
1588,2,美國的旅行方式有許多選擇。
1589,2,在美國國家漫遊時，可以使用多種出行方式。
1590,2,前往美國，有多種遊覽方式可供選擇。
1591,2,探訪美國國家時，可採用不同的旅遊方式。
1592,2,在美國旅行時，可以選擇多種出遊方式。
1593,2,美國全國漫遊方案
1594,2,美國國內旅遊計劃
1595,2,美國穿州過省方案
1596,2,美國跨州尋美之旅
1597,2,美國環陸旅行方案
1598,2,美國四海為家之旅
1599,2,美國各州探險之旅
1600,2,美國縱貫穿越計劃
1601,2,美國橫跨大陸之旅
1602,2,美國全景漫遊規劃
1603,2,探索美國的自然美景，如大峽谷、黃石公園等。
1604,2,走訪美國的歷史名勝，如自由女神像、華盛頓紀念碑等。
1605,2,品嚐美國各地的美食，如紐奧良的熱狗、波士頓的龍蝦等。
1606,2,前往熱門的旅遊城市，如紐約、洛杉磯、邁阿密等。
1607,2,體驗美國的文化活動，如音樂節、藝術展、遊行等。
1608,2,遊覽美國的博物館、動物園、水族館等景點。
1609,2,穿越美國的小鎮，體驗小鎮風情。
1610,2,探索美國的戶外活動，如滑雪、露營、徒步旅行等。
1611,2,前往美國的海灘享受度假，如夏威夷、佛羅里達州等。
1612,2,參觀美國的大學校園，體驗美國的教育文化。
1613,2,這本書提供了有用的旅遊資訊和建議，讓你可以輕鬆地計畫一個美國國家漫遊行程。
1614,2,書中包含了各種主題的目的地介紹，包括自然風光、城市文化和歷史遺跡等。
1615,2,除了景點介紹之外，書中也有許多旅遊技巧和注意事項，讓你的旅程更加順利和安全。
1616,2,這本書的詳細路線和時間安排，可以幫助你有效地利用時間，遊覽更多美國的經典景點。
1617,2,每個目的地都有豐富的文化和歷史背景，讓你可以更好地了解美國的不同面貌和精神。
1618,2,書中的景點和活動推薦，可以讓你找到適合自己興趣和喜好的旅遊項目，享受最有意義的旅程。
1619,2,書中提供了許多實用的旅遊建議和資訊，例如住宿、交通和飲食等方面，讓你的旅途更加便利和舒適。
1620,2,這本書的內容涵蓋了美國的各個角落，無論你是喜歡自然風光、人文景觀還是現代都市風貌，都能在其中找到適合自己的旅行路線。
1621,2,書中的照片和插圖，可以讓你事先感受到美國的獨特風光和魅力，為旅行增添更多美好體驗。
1622,2,最後，這本書不僅是一本旅遊指南，更是一本關於美國文化和歷史的書籍，可以讓你了解更多關於這個國家的故事和傳說。
1623,2,美國遊記提供了一個不同凡響的冒險體驗。
1624,2,走遍美國，是一個豐富且多元化的經驗。
1625,2,透過美國旅遊，可以探索新的文化和歷史。
1626,2,美國旅行是拓寬視野、發現自己與世界更大可能性的機會。
1627,2,每個美國城市都有著獨特的魅力與文化。
1628,2,美國旅程將會是一本難忘的冒險故事。
1629,2,美國旅遊是增強對不同地方和人群的理解的好方法。
1630,2,透過旅程，你可以收集自己的回憶，並擴大自己的視野。
1631,2,美國漫遊意味著學習、探索、成長和放鬆。
1632,2,透過美國旅遊，你可以開啟身心靈的新的旅程。
1633,2,探索美國各州的美麗風景和文化遺產。
1634,2,深入了解美國不同地區的歷史和人文景觀。
1635,2,感受美國豐富多樣的民族文化和音樂藝術。
1636,2,品嚐來自美國各地的美食和獨特口味。
1637,2,體驗美國各地的節日和特色活動。
1638,2,前往美國著名景點和旅遊勝地，如大峽谷和迪士尼樂園。
1639,2,穿梭於美國各大城市，探索它們的繁華和活力。
1640,2,欣賞美國自然風光和野生動物，如阿拉斯加的北極熊。
1641,2,與當地人交流，了解美國的生活和價值觀念。
1642,2,讓自己沉浸在美國文化和景觀之中，體驗不同的旅行方式和樂趣。
1643,2,逛遊美國皇朝——探索國家博物館內富有歷史價值的展覽。
1644,2,沉浸在美國皇朝的璀璨世界中，尋找它的深層意義。
1645,2,發現美國皇朝的文化傳承，並參觀它們獨特的博物館與建築。
1646,2,在美國皇朝的黃金年代，體驗那個令人難以忘懷的時代背景。
1647,2,看遍美國皇朝的寶藏和珍品，以及瞭解它們背後的故事。
1648,2,體驗美國皇朝的輝煌歷程，以及相關的建築、文化和藝術。
1649,2,美國皇朝的強大力量，令你深深著迷，讓你不斷地前進，並不斷地驚嘆。
1650,2,遊歷美國皇朝的路線，不斷開拓新世界的經驗與感受。
1651,2,揭開美國皇朝的秘密，賞識這個國家的豐富歷史文化。
1652,2,用眼睛觀察美國皇朝的遺產，以及它在我們當代生活中的藝術與文化重要性。
1653,2,美國四處遊蕩的方案
1654,2,漫步美國各地的王國計畫
1655,2,美國王國之旅的方案
1656,2,闊步美國各州的王國計畫
1657,2,探索美國各地的王國策略
1658,2,踏上美國王國歷險之旅的方案
1659,2,尋覓美國各州的王國方案
1660,2,暢遊全美國的王國旅遊計畫
1661,2,遍歷美國王國的方案
1662,2,揭露美國各地的王國行程
1663,2,美國的領土遍布全球，讓你可以盡情地漫遊。
1664,2,以美國的領土為基礎，你可以在世界上任何地方漫遊。
1665,2,美國的領土遍及全球，為你的漫遊提供了無盡的可能性。
1666,2,憑藉美國的領土，你可以在全球各地自由漫遊和探索。
1667,2,美國擁有廣大的領土，讓你有很多選擇，可以按照自己的喜好進行漫遊。
1668,2,美國的領土廣闊而多樣，為你提供了豐富的漫遊體驗。
1669,2,以美國的領土為基礎，你可以按照自己的節奏漫遊，讓旅程更加愉快。
1670,2,美國的領土為你提供了豐富的漫遊選擇，讓你可以依照自己的興趣和時間進行規劃。
1671,2,美國的領土深遠廣闊，讓你可以探索更多有趣的地方。
1672,2,美國的領土廣袤無垠，讓你可以自由漫遊，發現更多的驚喜和精彩。
1673,2,執政者在不斷地轉換政治意識形態。
1674,2,為了維持執政權，政治家們經常改變自己的意識形態。
1675,2,政權為了獲取選民支持，經常變換利益與價值觀。
1676,2,當選舉即將到來，政治領袖總是會通過改變自己的政策取向來贏得選民的支持。
1677,2,當權者在權力危機時，總會改變自己的政治策略。
1678,2,在政治上快速變換立場，已經成為維持政權的常見做法。
1679,2,執政派的政治立場經常因為權力的變化而改變。
1680,2,政權為了獲得民眾的信任與支持，時常變換自己的掌權策略。
1681,2,政治家們善於利用政治動盪時期，改變與調整自己的政治立場。
1682,2,政治風向轉變時，執政權勢力會調整自己的政治策略以符合大眾期望。
1683,2,在美國旅遊時，您可以計劃一系列國度漫遊。
1684,2,探索美國國度是一個很好的選擇，您可以選擇多個目的地。
1685,2,如果您有時間，可以考慮遊覽多個美國國度。
1686,2,選擇多個美國國度漫遊是一個絕佳的方式，可以窺探美國的豐富文化。
1687,2,在旅行期間，不妨縱向瀏覽美國，體驗這個國家的多樣性。
1688,2,瀏覽多個美國國度可以讓您親身體驗這個國家的獨特風格。
1689,2,火車遊覽多個美國國度是一種較簡單的選擇，讓您可以享受旅行的樂趣。
1690,2,選擇多個美國國度漫遊可以提供豐富而有趣的旅行經歷。
1691,2,如欲體驗真正的美國生活，您可以選擇多個美國國度，領略各自的特色。
1692,2,旅遊美國多個國度是一種探索美國多樣性的好方法。
1693,2,美國聯邦的漫遊計劃可以讓你在不同的地區旅行。
1694,2,在美國聯邦的漫遊計劃中，你可以到不同的州旅遊。
1695,2,美國聯邦的漫遊方案提供了探索不同地區的機會。
1696,2,透過美國聯邦的漫遊計劃，你可以在全國各地體驗不同的文化。
1697,2,美國聯邦的漫遊方案讓你能夠在整個國家遊歷。
1698,2,通過美國聯邦的漫遊計劃，你可以在全國各地尋找新的冒險。
1699,2,在美國聯邦的漫遊計劃中，你可以到不同的城市和小鎮旅遊。
1700,2,美國聯邦的漫遊計劃提供了深入了解美國歷史和文化的機會。
1701,2,利用美國聯邦的漫遊方案，你可以前往美國的任何角落。
1702,2,美國聯邦的漫遊計劃讓你可以在不同的地方尋找獨特的景點和體驗。
1703,2,美國聯盟漫遊方案可以讓你在很長一段時間內在美國境內各地自由行動。
1704,2,透過美國聯盟漫遊方案，你可以在多個城市間自由穿梭，體驗不同的文化和風土。
1705,2,美國聯盟漫遊方案讓你可以輕鬆自在地遊歷美國，不受時間和行程的限制。
1706,2,如果你想要深入地了解美國，美國聯盟漫遊方案是一個很好的選擇。
1707,2,透過美國聯盟漫遊方案，你可以隨心所欲地探索各個角落，發掘不同的景點和風景。
1708,2,美國聯盟漫遊方案是一種非常彈性的旅行方式，讓你可以自由安排每一步行程。
1709,2,如果你喜愛自由、彈性的旅行方式，美國聯盟漫遊方案絕對是你的最佳選擇。
1710,2,透過美國聯盟漫遊方案，你可以自由地掌握旅遊節奏，滿足自己對美國各地的好奇心。
1711,2,美國聯盟漫遊方案讓你可以盡情駕馭旅程，隨時隨地展開令人興奮的冒險。
1712,2,透過美國聯盟漫遊方案，你可以以最自由自在的方式探索美國，打造出獨一無二的旅遊體驗。
1713,2,探索越南帝國，沉浸於古老文化遺產之中。
1714,2,在越南帝國中漫步，盡情感受歷史的氛圍。
1715,2,深度體驗越南帝國文化，暢遊古老建築群。
1716,2,遊走越南帝國，探究當地文化與傳統。
1717,2,遊覽越南帝國，發掘尚未被發現的美好風景。
1718,2,感受越南帝國，體驗它的現代化與古老傳統。
1719,2,在越南帝國中尋找新的體驗，感受當地人的生活。
1720,2,踏入越南帝國，跨越時間，擁抱古老文明。
1721,2,探索越南帝國，體驗當地的美妙風情。
1722,2,走過越南帝國的大街小巷，品味當地美食及文化。
1723,2,探索越南各大城市的魅力，感受這個國家的活力與文化。
1724,2,漫遊越南最著名的旅遊勝地，了解當地的歷史和傳統。
1725,2,在越南的鄉村裡漫步，品味當地的美食和傳統文化。
1726,2,跟隨越南的海岸線旅行，沉浸在海灘和自然風光中。
1727,2,發現越南的河流和三角洲，了解水上民生和生活方式。
1728,2,遊覽越南的古蹟和古代建築，感受歷史的氣息。
1729,2,發掘越南的自然奇觀，從瀑布到山脈到溫泉，感受地球之美。
1730,2,參觀越南的博物館和美術館，了解越南文化的深層含義和歷史背景。
1731,2,逛越南的夜市和街頭攤販，享受當地的節慶和娛樂活動。
1732,2,踏上越南的長途旅行，從南到北、從西到東，盡情體驗這個國度的多樣性。
1733,2,在胡志明市逛逛當地市集，品嚐當地美食。
1734,2,到河內參觀胡志明的紀念碑和博物館，了解越南近代歷史。
1735,2,到鴨仁島享受美麗的海灘和水上活動。
1736,2,北京夜市上體驗當地夜生活，品嚐當地美食。
1737,2,載著自行車穿越越南的郊區和農村，體驗當地的生活方式。
1738,2,在芽莊體驗越南的水療和渡假風情。
1739,2,到胡志明市的郊區參觀梯田和茶園，欣賞美麗的風景。
1740,2,到河內的市集採購自己喜愛的食材，回到家中學習越南烹飪。
1741,2,在順化市參觀皇宮和寺廟，了解越南的歷史和文化。
1742,2,到胡志明市的當地市場採購當地特產，帶回家分享給家人和朋友。
1743,2,探索越南各地的不同文化和風光。
1744,2,在越南旅遊期間，瞭解當地的歷史和傳統。
1745,2,享受越南美食，品嚐當地的特色菜餚。
1746,2,與當地人交流，體驗越南獨特的文化氛圍。
1747,2,遊覽越南著名的景點，如河內市的老城區、峴港市的下龍灣等。
1748,2,感受越南的美麗自然風光，如峴港市的茶山瀑布、岘港市的七珍山等。
1749,2,在越南旅遊中體驗當地的節日和娛樂活動。
1750,2,步行或騎腳踏車探索越南的鄉村風情和農村生活。
1751,2,在越南旅遊中參加各種室外活動，如划船、攀岩等。
1752,2,與家人和朋友一起旅遊，體驗越南的美好和歡樂。
1753,2,探索越南各地文化特色，品嚐當地美食，體驗真正的越南生活。
1754,2,在越南的海灘上享受陽光，冥想和放鬆身心。
1755,2,找尋沙漠和山區之間的平衡，欣賞壯麗的自然風景。
1756,2,深入越南鄉村，學習土著文化，認識友好和熱情的當地人。
1757,2,通過旅行在越南建立橋梁和友誼，開啟一個新的世界。
1758,2,遊覽越南的城市和小鎮，尋找寧靜和平和的時刻。
1759,2,參加當地節慶或活動，體驗越南的文化和熱情。
1760,2,在越南的自然保護區或公園探險，欣賞動植物的多樣性。
1761,2,了解越南的歷史和傳統，並從中獲得啟示和智慧。
1762,2,進行越南的海上冒險，享受海上風光和海洋產品。
1763,2,在越南旅遊時，不妨採取步行或騎腳踏車的方式漫遊當地。
1764,2,參加當地的旅遊團或自助旅遊，讓自己更深入地體驗越南文化。
1765,2,聘請當地導遊，跟隨導遊的腳步漫遊越南各地。
1766,2,買一台當地摩托車，自己獨自騎著漫遊越南。
1767,2,搭乘當地的大眾運輸工具，如公共汽車、火車、船隻等，體驗當地的生活。
1768,2,租一輛車，自行開車漫遊越南，開車旅行的自由與便利。
1769,2,加入當地的遊艇團隊，欣賞美麗的海景和海灣。
1770,2,參加當地的自然生態遊，體驗越南各地的自然風光。
1771,2,採用拼車或拼團的方式，與當地的路人一起體驗穿梭越南各地的旅遊行程。
1772,2,越南有很多特色的市集和夜市，可以選擇在市集或夜市漫遊，一邊品嘗美食，一邊欣賞當地的風土人情。
1773,2,在越南旅遊時，您可以考慮搭乘當地的公共交通工具，如公車或地鐵，以享受更廉價的旅遊體驗。
1774,2,當您計劃到越南旅遊時，可以考慮租用摩托車或腳踏車，以便更自由地探索當地景點。
1775,2,越南擁有豐富多樣的交通工具，如火車、巴士、飛機等，您可以根據您的旅遊計劃選擇最適合您的交通方式。
1776,2,遊覽越南景點時，您還可以選擇乘坐觀光巴士或騎乘電動車，以便更輕鬆地觀賞美景。
1777,2,越南的出租車和計程車也是一種方便的交通選擇，如果您說好價格和路線，可以省去不必要的麻煩。
1778,2,租用私人司機也是一種不錯的選擇，可以讓您在旅遊期間更輕鬆愉快地移動。
1779,2,如果您希望省錢，也可以考慮拼車或共乘，與其他旅客一同共享交通費用。
1780,2,在越南旅遊期間，您還可以搭乘水上巴士或渡輪，享受川流不息的河流美景。
1781,2,如果您想遊覽美麗的海灘度假勝地或島嶼，也可以考慮參加當地的遊艇或快艇巡航之旅。
1782,2,當您計劃到越南旅遊時，可以更緊密地融入當地文化，選擇騎乘當地特色的三輪車或坐牛車遊覽當地。
1783,2,探索越南各地，體驗不同文化。
1784,2,漫遊越南，感受它的自然美景。
1785,2,越南旅行，品嚐當地美食。
1786,2,漫步越南街頭市場，尋找獨特的寶藏。
1787,2,越南之旅，深入當地社區體驗生活。
1788,2,探索越南的宗教歷史和遺產。
1789,2,越南漫遊，遊覽美麗的海灘和島嶼。
1790,2,越南國家公園之旅，深入自然保護區。
1791,2,越南之旅，參加當地民俗和文化活動。
1792,2,漫遊越南，品味其獨特的藝術和文學創作。
1793,2,探索越南的傳統文化，包括廟宇、節慶和當地傳統手工藝品等。
1794,2,感受越南的大自然風光，例如它的海灘、山脈和河流，以及國家公園。
1795,2,嚐試越南的當地美食，如Pho、Banh mi和Nuoc cham等。
1796,2,拜訪越南的歷史古跡，如皇城、廟宇和宗教建築等。
1797,2,前往越南的大城市，如河內、胡志明市和海防，體驗當地生活和文化。
1798,2,探索越南的海洋生態系統，如珊瑚礁、水母和海龜等。
1799,2,參加越南的藝術表演，如民俗舞蹈、音樂會和水上公演等。
1800,2,感受越南的戰爭歷史，如越南戰爭遺跡和博物館等。
1801,2,前往越南的山區，體驗當地農民和部落的生活，並尝试當地的美食。
1802,2,深入越南的鄉村，體驗越南家庭生活和農耕經驗。
1803,2,體驗越南各地的文化，是一個值得探索的國家漫遊計畫書。
1804,2,透過越南國家漫遊計畫書，我們可以深入了解該國的民族特色。
1805,2,邀請你一同加入越南國家漫遊計畫書，開始一段令人難忘的旅程。
1806,2,探索越南國家漫遊計畫書中的不同景點，將會帶給你許多驚豔。
1807,2,越南國家漫遊計畫書將帶領你遊覽該國的壯麗山川和富饒的土地。
1808,2,在越南國家漫遊計畫書中，你將有機會見識越南傳統藝術和手工藝品的魅力。
1809,2,越南國家漫遊計畫書是一份盛大的經驗，可以讓你體驗豐富的文化和古老的歷史。
1810,2,參與越南國家漫遊計畫書的旅程，將帶給你無盡的快樂和新見解。
1811,2,開啟越南國家漫遊計畫書，讓你探索該國美麗的自然風光和多樣化的文化。
1812,2,規劃越南國家漫遊計畫書的旅程，將是一次難忘的冒險和探索之旅。
1813,2,在越南四處漫遊能豐富我們的大腦。
1814,2,透過越南旅行，可以啟發我們的思考和創造力。
1815,2,踏上越南之旅，可以激發我們的創意和想像力。
1816,2,沉浸在越南文化中，可以刺激我們的大腦。
1817,2,越南之旅可以拓展我們的視野和思維方式。
1818,2,在越南旅遊，可以增強我們的解決問題能力。
1819,2,探索越南可以讓我們更實際地思考和面對挑戰。
1820,2,越南之旅能夠擴大我們的觀念和認知。
1821,2,在越南生活，可以啟發我們的想像力和創造力。
1822,2,探索越南文化，可以激發我們的創新思維和解決問題能力。
1823,2,踏上越南汗國的旅程，盡情探索其中的美景與文化。
1824,2,體驗越南汗國不同寓意的寺廟與宮殿，體會其古老的文化之美。
1825,2,在越南汗國的海灘上享受太陽與海浪的擁抱，放鬆身心。
1826,2,品嘗越南汗國的異國美食，感受食物與文化的交融。
1827,2,走訪越南汗國的古老城市，了解其豐富的歷史與文化。
1828,2,漫步越南汗國的街道，深入體驗當地人生活的情境與氣息。
1829,2,在越南汗國的市場中探險，尋找當地特色商品，深入了解當地的生活文化。
1830,2,把越南汗國的風景與文化留下來，用相機捕捉獨特的瞬間與畫面。
1831,2,半山中殿，早期越南時代優裕家庭的土地，今為寺廟而擴建完成为陵墓，兩側矗立一對龍塔，彷彿護衛一般守護东陵。
1832,2,越南汗國的美麗自然風光，擁有眾多獨特的動植物物種，值得一遊。
1833,2,探索越南皇朝的遺產，漫步皇城和皇后的宮殿。
1834,2,跟著專業導遊暢遊越南皇朝寶藏，從定倫寺到墓葬群。
1835,2,欣賞越南皇朝的宏偉建築和博物館展覽，了解越南歷史和文化。
1836,2,體驗越南皇朝的宴會和慶典儀式，感受皇家生活的華麗與盛大。
1837,2,路線遊越南皇朝的重要站點，包括許多被很好保留的古老建築。
1838,2,在越南皇朝的遺跡中尋找驚豔之處，發現第一手的文化寶藏。
1839,2,體驗越南皇朝的傳統藝術和工藝，品鑒越南皇族的傳世珍品。
1840,2,探索埋藏在越南皇朝廣大領地中的神祕洞穴和密室。
1841,2,走訪越南皇朝的禪寺和佛寺，體驗傳統的宗教文化。
1842,2,感受越南皇朝的自然風光和美食文化，從山谷到海岸線，盡情享受。
1843,2,探索越南王國的美麗歷史和文化。
1844,2,深度體驗越南王國的多元傳統特色。
1845,2,漫遊越南王國的迷人城市和鄉村。
1846,2,品嚐越南王國的經典美食和當地佳餚。
1847,2,探索越南王國壯麗的自然風光和景觀。
1848,2,感受越南王國熱情友善的人民和風土民情。
1849,2,漫步越南王國寧靜的寺廟和草原。
1850,2,發現越南王國未知的寶藏和秘境。
1851,2,沉浸越南王國深厚的宗教和信仰文化。
1852,2,探訪越南王國的遺跡和紀念碑，感受歷史的魅力。
1853,2,探索越南邊境的無邊鄉村之旅。
1854,2,穿越越南南部美麗的稻田和沼澤地區。
1855,2,從北部的山區到南部海岸，體驗越南多樣化的地理環境。
1856,2,密集的越南莽原征服之旅，沿途探索荒蕪的草原和山峰。
1857,2,沿著越南廣袤的海岸線行走，欣賞海灘和濱海小鎮。
1858,2,探索越南乾旱的西部地區，發現獨具特色的植被和景觀。
1859,2,河流之旅：跨越越南長江，享受水上探險之旅。
1860,2,從大都市走到鄉下，體驗越南文化的多樣性和風情。
1861,2,奇境之旅：發現越南的秘密洞穴和岩洞。
1862,2,越南高山徒步之旅：尋找壯麗的風景和靈敏的野生生物。
1863,2,探索越南的不同地區和政權，了解當地的歷史和文化。
1864,2,體驗越南政權的多樣性，從中學習不同的政治體系。
1865,2,走訪越南的主要城市和鄉村，了解不同政權對當地發展的影響。
1866,2,與當地人交流，聆聽他們對越南政權的評價和看法。
1867,2,學習越南的政治歷史，了解政權更替的原因和過程。
1868,2,考察越南政權對經濟發展的影響，尤其是對農業和工業的支持。
1869,2,研究越南政權的外交政策，分析其在國際局勢中的角色和地位。
1870,2,掌握越南政權的權力結構和決策機制，了解其行政效能。
1871,2,比較越南政權和其他東南亞國家的政治體系，找出其異同之處。
1872,2,深入了解越南的社會結構和文化特色，從中了解在政權發展中的角色。
1873,2,探索越南各地的文化遺產和美食
1874,2,悠閒漫步越南風光如畫的海灘和山丘
1875,2,品嚐越南豐富多樣的咖啡文化和茶文化
1876,2,體驗越南獨特的水上市集和漁村生活
1877,2,欣賞越南傳統的藝術表演和民族音樂
1878,2,前往越南神秘而壯觀的峽灣和溫泉浴場
1879,2,突破自我挑戰越南的崎嶇山路和瀑布探險
1880,2,遊覽越南如詩如畫的古鎮和風景名勝
1881,2,跟隨越南的宗教和民俗活動體驗當地民情
1882,2,尋找越南獨特的手工藝品和紀念品。
1883,2,探索越南聯邦的星際之旅
1884,2,越南聯邦漫遊之旅——尋找宇宙的秘密
1885,2,穿越越南聯邦：一個跨越星際的歷險
1886,2,越南聯邦漫遊：探索與發現宇宙的奧秘
1887,2,踏上越南聯邦之旅：穿越地球到達新的星際
1888,2,越南聯邦：探索宇宙的冒險之旅
1889,2,征服越南聯邦：尋覓宇宙無盡的奧妙
1890,2,如何開始你的越南聯邦星際之旅
1891,2,探索越南聯邦：穿梭宇宙的探險之旅
1892,2,進入越南聯邦的星際冒險：尋找未知的領域
1893,2,越南聯盟提供多種漫遊方案，讓您在國外依然能夠保持良好的通訊品質。
1894,2,選擇越南聯盟漫遊方案，讓您隨時隨地皆可享受高速網路連線。
1895,2,越南聯盟漫遊方案提供全球漫遊的便利性，確保您在旅途中能夠隨時保持聯繫。
1896,2,不論您身在何處，越南聯盟漫遊方案都能為您提供最好的漫遊體驗。
1897,2,越南聯盟的漫遊方案不僅僅是為您打造高速連線，更是為了確保您的通訊品質無虞。
1898,2,選擇越南聯盟漫遊方案，您可以隨時隨地盡情享受免費的通話、簡訊和流量。
1899,2,越南聯盟漫遊方案將為您提供最優質的漫遊體驗，讓您的國外旅遊更加精彩。
1900,2,越南聯盟漫遊方案不僅僅是為了您的通訊需求，還能為您提供專屬旅遊推薦和優惠。
1901,2,越南聯盟漫遊方案是當今外出旅行必備的工具，確保您的旅遊不受通訊限制。
1902,2,選擇越南聯盟漫遊方案，盡享全球的流量、通話和簡訊，隨時隨地保持聯繫。
1903,2,想要瞭解更多的旅遊資訊嗎？
1904,2,還有更多關於旅行的訊息可以分享給你。
1905,2,更詳盡的旅遊資訊將會讓你更有前途。
1906,2,除了這些，還有更多旅遊相關的消息可以探索。
1907,2,我們還有更多精彩的旅遊資訊等著你。
1908,2,更多旅遊的玩法等待著你的發掘。
1909,2,準備好了嗎？我們還有更多熱門旅遊目的地推薦給你。
1910,2,除了這些景點，還有更多特色美食和文化體驗等待著你。
1911,2,不只有這些，還有更多旅遊訣竅可以分享給你。
1912,2,跟著我們一同發掘更多好玩的旅遊活動吧！
1913,2,在國外旅行時，預付卡漫遊是一個方便存錢的方法。
1914,2,預付卡漫遊可以讓你在海外使用本地貨幣，避免匯率風險。
1915,2,出國旅遊時，預付卡漫遊是一個更安全的選擇。
1916,2,預付卡漫遊可以幫助你更好地控制和管理旅遊預算。
1917,2,在外國使用預付卡漫遊可以節省旅遊時的手續費和交換貨幣的費用。
1918,2,使用預付卡漫遊可以方便地在國外購買和支付商品和服務。
1919,2,預付卡漫遊可避免旅客在國外忘記攜帶現金而面臨的尷尬情況。
1920,2,預付卡漫遊提供了一種更加便利，迅速存取現金的選擇。
1921,2,預付卡漫遊可以避免在國外遭遇信用卡被盜刷的風險。
1922,2,使用預付卡漫遊可以更加靈活地滿足旅客的旅遊需求。
1923,3,我不知道我的合約什麼時候到期。
1924,3,我需要確定我的合約到期時間。
1925,3,我想得知我的合約何時結束。
1926,3,能否告訴我合約什麼時候完結？
1927,3,我需要知道我的合約有效期。
1928,3,我不明白我的合約何時失效。
1929,3,能否提供關於我的合約到期日的消息？
1930,3,我需要了解我的合約何時到期。
1931,3,我希望得知合約失效的準確日期。
1932,3,我尋找關於合約終止時間的資訊。
1933,3,我需要知道合同何時到期。
1934,3,能否告知我合約的終止日期？
1935,3,可以查詢一下合約何時屆滿嗎？
1936,3,我希望了解一下合約到期的具體日期。
1937,3,能否提供一下合同結束的日期？
1938,3,請問合約何時會到期？
1939,3,我需要查詢一下合約何時到期。
1940,3,可以幫我確認一下合同的屆滿日期嗎？
1941,3,我想知道一下合約到期的時間是什麼。
1942,3,能否告知我一下合同終止的確切日期？
1943,3,可否提供契約到期日？
1944,3,能否告知合約何時屆滿？
1945,3,能否提供契約終止日期？
1946,3,能否提供合約結束時間？
1947,3,契約到何時截止？
1948,3,合約屆滿日期是什麼時候？
1949,3,現有契約何時到期？
1950,3,哪天是契約的到期日？
1951,3,請問合約結束日期是？
1952,3,可否告知合約屆滿時間？
1953,3,請問這份合約何時到期？
1954,3,合約的截止日期是什麼時候？
1955,3,你知道這份合約什麼時候結束嗎？
1956,3,應該在何時查詢合約期滿日期？
1957,3,請問這份合約到期的時間是什麼？
1958,3,合約何時到期需要確認一下。
1959,3,這份合約的到期日期需要查明。
1960,3,請問這份合約的結束日期是什麼時候？
1961,3,這份合約何時會終止？
1962,3,查詢合約的到期日是必要的。
1963,3,我想請教一下合約何時到期。
1964,3,能否告訴我合約終止日期？
1965,3,我想查詢一下合約什麼時候屆滿。
1966,3,能否提供合約結束時間資訊？
1967,3,我需要知道合約到期日是哪天。
1968,3,能否告知我合約結束日期？
1969,3,請問合約的最後期限是什麼時候？
1970,3,我需要確認一下合約何時終止。
1971,3,能否提供一下合約屆滿時間？
1972,3,我要了解一下合約到期時間。
1973,3,可否告知我合約何時屆滿？
1974,3,我能查看合約到期日期嗎？
1975,3,能否提供合約結束期限資訊？
1976,3,請問合約終止日是什麼時候？
1977,3,能否提醒我合約結束時間？
1978,3,我想確認合約屆滿日期，您能協助嗎？
1979,3,能否提供合約到期日相關資訊？
1980,3,請問合約結束日是幾月幾日？
1981,3,我想知道合約何時到期？
1982,3,能否協助我查詢合約終止期限？
1983,3,可以告訴我這份合約的有效期限是多久嗎？
1984,3,我需要確認這份合約的到期日期，可以提供詳細資訊嗎？
1985,3,想知道這份合約的結束日期，能告訴我嗎？
1986,3,能否查詢該合約的有效期限，以便做出相應決策？
1987,3,我需要詳細了解這份合約的有效期限，可以提供相關資訊嗎？
1988,3,這份合約簽署時是否訂定了有效期限？
1989,3,能否查詢這份合約的到期日，以確保在合理的時間內進行相應行動？
1990,3,我想知道這份合約的合法時間，方便我做出相應決策。
1991,3,可以確認一下這個合約何時到期嗎？
1992,3,請提供關於這份合約有效期限的詳細資料。
1993,3,你能查詢一下這份合約何時到期嗎？
1994,3,我想知道合約的到期時間，你能查詢一下嗎？
1995,3,能請您告訴我這合約完成的時間是何時嗎？
1996,3,請問合約的截止日期是什麼時候？
1997,3,能否請求您確認一下合約結束日期是什麼時候？
1998,3,我需要知道這項合約何時完成，能請您查詢一下？
1999,3,你能幫我查詢合約終止日期是什麼時候嗎？
2000,3,我需要確認一下合約的到期日，可否請您協助查詢？
2001,3,請問這份合約何時到期？您能幫我查詢一下嗎？
2002,3,我想知道合約完成的期限，請您幫我查詢一下最後期限是何時？
2003,3,詢問合約繳費截止時間？
2004,3,求告合約繳費期限何時？
2005,3,有關合約付款期限，可否查詢？
2006,3,能否提供合約繳費截止日？
2007,3,詢問合約繳款終止日期？
2008,3,請問合約繳費最後期限是什麼？
2009,3,想請問合約付款截止日？
2010,3,合約繳費期限何時到期？
2011,3,可以查詢合約付款到期日嗎？
2012,3,請問合約繳付截止時限為何？
2013,3,可以請問一下，購買期限是多少呢？
2014,3,請問商品的合約購買期限是多長時間？
2015,3,我想詢問一下，這項產品的合約購買期限為何？
2016,3,想了解一下，這份合約的購買期限是多少天？
2017,3,請問一下，關於此商品的合約購買期限有沒有限制？
2018,3,請問這項產品可購買的期限為何？
2019,3,我想請教一下，有關此協議書的購買期限是多少天？
2020,3,想確認一下，購買此服務的期限是多少時間？
2021,3,請問一下，這份文件的購買期限有無限制？
2022,3,這個協議的有效期限是多久呢？
2023,3,可否查詢合約的到期日？
2024,3,這份合約的有效期限是多久？
2025,3,能否提供合約使用期限的相關資訊？
2026,3,可以告訴我這份文件的到期日期嗎？
2027,3,我想知道這份合約的截止日期是什麼時候？
2028,3,請問這份契約有規定使用期限嗎？
2029,3,該合約的使用期限是多久？
2030,3,是否能夠瞭解這份協議的有效期限？
2031,3,這份協議的結束日是哪一天？
2032,3,能否告知我這份合約的使用到期日？
2033,3,請問合約何時到期？
2034,3,合約到期日是什麼時候？
2035,3,你能告訴我合約過期的日期嗎？
2036,3,我想查詢一下合約的到期時間。
2037,3,請問合約何時失效？
2038,3,合約將於何時結束？
2039,3,合約到期的時間是什麼時候？
2040,3,你知道合約失效的日期嗎？
2041,3,我需要知道合約的失效時間。
2042,3,合約的有效期限將在何時結束？
2043,3,可以告訴我這份合約何時到期嗎？
2044,3,我該如何查詢這份合約的到期日？
2045,3,這份合約的到期時間是什麼時候？
2046,3,能否提供這份合約到期的相關資訊？
2047,3,我需要知道這份合約何時結束。
2048,3,請問這份合約到期的時間為何？
2049,3,能否請您告知這份合約的到期日期？
2050,3,我想確認一下這份合約何時到期。
2051,3,可以幫我查詢一下這份合約的終止日期嗎？
2052,3,能夠提供關於這份合約到期的相應資訊嗎？
2053,3,詢問查詢協議的截止日期
2054,3,想知道查詢協議的過期日期
2055,3,查詢協議何時會失效？
2056,3,詢問查詢協議到期的時間
2057,3,想要了解查詢協議截止的日期是什麼時候
2058,3,查詢協議有效期限是多久？
2059,3,詳細查詢協議截止的日期和時間
2060,3,想知道查詢協議的有效期限
2061,3,查詢協議到期的時間是什麼？
2062,3,詢問查詢協議上的到期日期。
2063,3,請問約定的到期日是什麼時候？
2064,3,您能告訴我這份協議的到期日期嗎？
2065,3,我需要了解協議的到期時間，麻煩您查詢一下。
2066,3,能否請您確認一下合約的到期日是什麼？
2067,3,麻煩您提供一下協議的到期日期，我需要進行相關安排。
2068,3,我需要知道這份協定的到期日，煩請查詢一下。
2069,3,能否請您幫我查詢一下這份合同的到期時間？
2070,3,請問協議的終止日是什麼時候？
2071,3,我想詢問一下約定的終止日期是什麼？
2072,3,能否請您提供一下這份協議的有效期限？
2073,3,你能告訴我這份合約何時到期嗎？
2074,3,我想知道這份協議的到期時間是什麼時候？
2075,3,我需要查詢一下這份契約的結束日期。
2076,3,能告訴我這份合約有效期限的話，我會很感激。
2077,3,請問這份協議的截止日期是哪天？
2078,3,想請教一下這份合同的到期日是什麼時候？
2079,3,能不能提供一下這份合約有效期的終止日期。
2080,3,我需要知道這份契約合法的期限是多長時間。
2081,3,請告訴我這份合約何時結束。
2082,3,在什麼時間這份協議會失效？
2083,3,可以請問我該合約何時到期嗎？
2084,3,能否向我提供合約到期日？
2085,3,可以查詢一下合同何時結束嗎？
2086,3,請問該契約的屆滿日期是什麼時候？
2087,3,可以告訴我此協議的到期日是何時嗎？
2088,3,我該如何查詢這份合約何時到期？
2089,3,請問我需要知道此合約何時屆滿？
2090,3,可以告訴我這份協議的到期日嗎？
2091,3,我可以知道這個合約的結束日期是什麼嗎？
2092,3,能否給我提供此合約的到期時間？
2093,3,Can you tell me when my contract will expire?
2094,3,What is the expiration date of my agreement?
2095,3,When does my contract come to an end?
2096,3,Can you inform me about the termination date of my arrangement?
2097,3,What is the end date of my contractual commitment?
2098,3,When will my contract reach its expiry date?
2099,3,Could you provide me with the expiration date of my contract?
2100,3,When will my agreement become void?
2101,3,Can you let me know when my arrangement is due to expire?
2102,3,What is the end-of-term date of my agreement?
2103,3,能否告知我合約到期日？
2104,3,我能查詢下我的合約何時到期嗎？
2105,3,能給我一個簽約到期的日期？
2106,3,請問我的簽約條件
2107,3,可否告知我立約滿期日？
2108,3,我該從何處查詢約定到期日？
2109,3,請問可以提供本約定到期日？
2110,3,不知道這份約定何時到期，您知道嗎？
2111,3,能否告知我這份契約的到期日？
2112,3,請告知此協議的到期日。
2113,3,能否提供我此合約滿期日的相關資訊？
2114,3,我需要確認這份契約的到期日，請問是否可以告知？
2115,3,能否查詢一下此協定的截止日期？
2116,3,不知道此文件何時到期，能否教我查詢滿期日的方法？
2117,3,請問這份約章的到期日是什麼時候？
2118,3,我可以在哪裡查詢這份約章的到期日？
2119,3,這份約章的期限還有多久才到期？
2120,3,能否請您提供一下這份約章的到期日期？
2121,3,我需要了解這份約章的到期日，可以請您告訴我嗎？
2122,3,請問我去哪裡可以確認這份約章的到期日？
2123,3,我需要查詢一下這份約章何時到期，可以請您幫忙查一下嗎？
2124,3,這份約章的到期時間是哪一天？
2125,3,能否提供一下這份約章的到期日及時間？
2126,3,我需要確認一下這份約章何時會失效，可以請您協助查詢一下嗎？
2127,3,您能告訴我約定的到期日是什麼嗎？
2128,3,我想查詢我的合約何時到期。
2129,3,能否提供一下契約到期日期的信息？
2130,3,我需要確認我的合同到期時間。
2131,3,請問我的合約結束時間是什麼時候？
2132,3,我需要知道我的契約何時到期。
2133,3,能否告訴我我的契約終止日期？
2134,3,我想了解一下我的協議到期日。
2135,3,麻煩提供一下我的契約的結束時間。
2136,3,能否幫我查詢一下我的約定何時到期？
2137,3,我們所提供的合約資訊和優惠非常有吸引力。
2138,3,您可以享受到很多合約優惠和特殊優待。
2139,3,這些合約資訊和優惠將為您節省大量的費用。
2140,3,我們的合約方案和優惠方案非常具有競爭力。
2141,3,您可以選擇最符合您需要的合約方案和優惠方案。
2142,3,我們的合約方案和優惠方案都非常實惠，能更好地滿足您的需求。
2143,3,我們不斷推出新的合約和優惠，讓您享受更多的優惠。
2144,3,跟隨我們的合約和優惠，您可以非常快速地啟動您的生意計劃。
2145,3,聯繫我們，獲取最新合約和優惠的詳細信息。
2146,3,我們的合約方案和優惠方案都是為了讓您省錢和節省時間而設計的。
2147,3,以下是本產品的契約資訊和優惠。
2148,3,接下來是您需要知道的契約詳情和優惠詳情。
2149,3,詳細內容包括契約和優惠的詳細資訊。
2150,3,請在下面查看我們的契約和優惠詳細內容。
2151,3,這裡是我們的契約細節和優惠，請耐心閱讀。
2152,3,請詳細閱讀以下的契約和優惠細節。
2153,3,以下是關於契約和優惠的詳細資訊。
2154,3,這裡有您需要了解的契約和優惠詳情。
2155,3,您可以在下面查看我們的契約和優惠內容。
2156,3,接下來是有關契約和優惠的詳細資訊。
2157,3,以下是我們提供的一些優惠和促銷資訊。
2158,3,這是我們的協議，提供您最新的訊息和優惠。
2159,3,我們樂意告知您我們最新的優惠和特價促銷計劃。
2160,3,我們希望分享我們最新的優惠和促銷資訊。
2161,3,在此，我們想告訴您我們的最新協議資訊和優惠。
2162,3,讓我們分享我們的最新優惠和促銷細節。
2163,3,您會很高興聽到我們的最新協議資訊和優惠。
2164,3,我們很樂意宣布我們的最新促銷計劃和協議資訊。
2165,3,掌握我們的最新協議資訊和優惠，來享受更好的體驗。
2166,3,別忘了查看我們的最新優惠和促銷細節，以利用更多的優惠機會。
2167,3,訂閱我們的電子報，即可獲得最新「約定資訊及優惠」。
2168,3,不定期發送「約定資訊及優惠」，您可以隨時加入我們的郵件名單。
2169,3,我們的會員每月都可以收到專屬的「約定資訊及優惠」。
2170,3,加入我們的會員俱樂部，您可以隨時獲得最新的「約定資訊及優惠」。
2171,3,關注我們的社交媒體，您將不會錯過任何一項「約定資訊及優惠」。
2172,3,通過訂閱我們的短信，您可以獲得最新的「約定資訊及優惠」。
2173,3,註冊我們的應用程式，每週更新「約定資訊及優惠」。
2174,3,訪問我們的網站，您可以找到所有最新的「約定資訊及優惠」。
2175,3,跟隨我們的網站推送通知，您可以隨時獲得最新的「約定資訊及優惠」。
2176,3,填寫您的郵件地址，我們可以直接發送「約定資訊及優惠」到您的收件箱裡。
2177,3,我們很高興能夠為您提供優質的產品和服務。
2178,3,您現在享有我們的長期客戶優惠，感謝您的忠誠。
2179,3,您將在以後的每個訂單中獲得更佳的折扣和優惠。
2180,3,為感謝您的惠顧，我們向您提供一份獨家優惠單。
2181,3,我們通過提供合理的價格和高質量的服務，讓您感到滿意。
2182,3,我們一直在努力提供優質的產品和服務，以贏得您的信任和忠誠。
2183,3,我們的優惠活動讓您可以更輕鬆地獲得所需的產品和服務。
2184,3,您的滿意度是我們最重要的目標，我們希望通過這些優惠讓您感到滿意。
2185,3,您的訂單將享有大量折扣和優惠，以表達我們對您的感謝之情。
2186,3,我們致力於集中精力提供最佳的產品和服務給您，感謝您對我們的信任和支持。
2187,3,立約資訊：我們提供的優惠將有助於您節省費用。
2188,3,優惠信息：通過我們的服務，您可以享受到更加優惠的價格。
2189,3,立約資訊：我們的產品和服務都將為您節省資源和時間。
2190,3,優惠信息：我們的價格相對較低，讓您可以更充分地利用資源。
2191,3,立約資訊：我們的專業團隊可以為您提供更快速、更有效的服務。
2192,3,優惠信息：我們有更先進的設備和技術，可以提高您的效率並節省您的時間。
2193,3,立約資訊：我們的優惠計劃將為您提供更可靠、更穩定的網絡和服務。
2194,3,優惠信息：我們的網絡和服務具有高度可靠性和穩定性，讓您更加信任並放心使用。
2195,3,立約資訊：我們的系統將保障您的隱私和安全。
2196,3,優惠信息：我們的安全系統可以給您提供更好的保障，讓您更安心使用。
2197,3,我們提供具備法律效力的合約，以確保您的合法權益。
2198,3,通過與我們簽訂合約，您可享受許多優惠和福利。
2199,3,簽訂合約後，我們會在一定期限內為您提供專業的服務。
2200,3,我們的合約內容清晰明確，有利於雙方協商和合作。
2201,3,透過合約簽訂，您的訂單將獲得更優惠的價格。
2202,3,我們提供多種合約選擇，以滿足不同客戶的需求。
2203,3,在簽訂合約之前，我們會提供充分詳細的資訊，確保您做出明智的選擇。
2204,3,簽訂合約後，您可以得到更長期的使用權利和保障。
2205,3,通過合約簽訂，您可以享受更多業務支持和售後服務。
2206,3,我們的合約內容符合當地相關法律法規，為您提供更高的信心和保護。
2207,3,簽約時可享有特別優惠。
2208,3,簽約後可獲得優惠折扣。
2209,3,簽約後即可享有專屬優惠。
2210,3,簽約將可獲得獨享資訊及優惠。
2211,3,簽約即可取得專屬折扣。
2212,3,簽約後將得到簽約專屬的福利。
2213,3,簽約可以享有限定禮遇。
2214,3,簽約將可獲得專屬特惠優惠。
2215,3,簽約享有專屬優先服務及優惠。
2216,3,簽約可享有獨家限定優惠。
2217,3,我們承諾提供最新的優惠資訊。
2218,3,每一筆訂單都可以享受最優惠的價格。
2219,3,我們時刻關注市場動態，以您為核心提供優質的產品和服務。
2220,3,我們致力於為您提供最合適的選擇，讓您獲得最大的價值。
2221,3,我們保證提供最優秀的客戶服務，為您提供最好的解決方案。
2222,3,每一位客戶都能享受到我們的專屬優惠與促銷活動。
2223,3,我們不斷探索並提供更好的優惠方案，以滿足您的需求。
2224,3,我們承諾在產品貨源、質量和售後服務等方面讓您滿意。
2225,3,我們的產品優惠售價永遠不會被打破，讓您放心購物。
2226,3,我們的承諾：100%滿意保證，讓您無憂購物！
2227,3,我們非常重視約章的準確性及時效性，以確保您能夠儘早享受我們的優惠。
2228,3,您能夠在約章資訊中找到我們最新的促銷活動及其他優惠信息。
2229,3,我們始終將您的滿意度放在首位，因此我們會定期更新我們的約章資訊來反映您的需求和反饋。
2230,3,我們將提供專屬的優惠給我們的忠實客戶，所以記得要常常關注我們的約章資訊。
2231,3,經常閱讀我們的約章資訊，將有助於您獲得最好的優惠，因為您將了解我們公司的最新消息和促銷活動。
2232,3,您可以通過註冊我們的郵件列表來收到最新的約章資訊和優惠，這是一個方便和快捷的方法。
2233,3,我們的約章資訊和優惠是為您的利益而設計的，並且始終致力於為您提供最佳的價格和服務。
2234,3,我們通過我們的約章資訊和優惠來表達對我們客戶的感謝，希望您能夠喜歡我們的產品和服務。
2235,3,如果您對我們的約章資訊或優惠有任何疑問，請隨時聯繫我們的客服團隊，我們將竭誠為您解答。
2236,3,最後，謹記要經常關注我們的約章資訊和優惠，這將有助於您節省更多的花費！
2237,3,我們提供最新的優惠資訊，讓您享受更優惠的價格。
2238,3,透過我們的平台，您可以瞭解最新的促銷活動及限時優惠。
2239,3,訂閱我們的電子報，隨時掌握最新的約契優惠及資訊。
2240,3,使用我們的服務，您可以享受一系列的折扣優惠及特別禮遇。
2241,3,我們會定期更新最新的約契優惠資訊，方便您隨時查閱。
2242,3,加入我們的會員，即可享有更多的折扣優惠及積分回饋。
2243,3,下載我們的APP，讓您隨時隨地掌握最新的約契優惠及資訊。
2244,3,與我們合作，您可以瞭解最新的市場動態及把握商機。
2245,3,關注我們的社群平台，不但可以掌握最新的約契優惠，還能參與互動。
2246,3,我們為會員提供專屬的福利，包括生日禮金、慶典活動等，更加貼心。
2247,3,The expiration date of your prepaid card is coming soon.
2248,3,Your prepaid card will expire in a few days' time.
2249,3,The validity period of your prepaid card is about to end.
2250,3,Your prepaid card will no longer be valid after the expiry date.
2251,3,The expiration date of your prepaid card is rapidly approaching.
2252,3,Your prepaid card will become invalid after the expiration date.
2253,3,The validity of your prepaid card will expire soon.
2254,3,Your prepaid card will expire at the end of this month.
2255,3,The expiry date of your prepaid card is fast approaching.
2256,3,Your prepaid card will expire on the stated expiry date.
2257,4,帳單折抵卷可用於購物時折扣。
2258,4,帳單折抵卷可抵銷消費金額。
2259,4,帳單折抵卷可在結帳時使用。
2260,4,帳單折抵卷可在下次購物時使用。
2261,4,帳單折抵卷可以減少您的購物花費。
2262,4,帳單折抵卷可為您省錢。
2263,4,帳單折抵卷可使您獲得更多的優惠。
2264,4,帳單折抵卷可以增加您的購買力。
2265,4,帳單折抵卷是促銷活動中重要的一部分。
2266,4,帳單折抵卷讓您的購物更加實惠。
2267,4,资费优惠券
2268,4,票据减免券
2269,4,帐单折扣券
2270,4,购物折扣张
2271,4,预算减免卷
2272,4,优惠折价券
2273,4,账单重组券
2274,4,商品减价券
2275,4,消费返现券
2276,4,付款减免券
2277,4,儘管帳單總額有些高，但是這裡有一些折價券可以幫你節省不少錢。
2278,4,不要擔心帳單總額，使用這些折價券可以讓你保存一些現金。
2279,4,如果您不想支付原始帳單金額的話，請使用這些折扣優惠券。
2280,4,您可以用這些折扣折價券來降低帳單總額，而且不需要犧牲任何東西。
2281,4,我們有一些折價券等著您，可以在不增加負擔的情況下縮小您的帳單總額。
2282,4,別錯過這些折扣優惠券，使用它們能節省大量帳單費用。
2283,4,使用這些折扣券，您可以輕鬆地減少帳單總額，而無需去削減任何東西。
2284,4,這些優惠券可以讓您的帳單總額降低到一個合理的範圍內。
2285,4,如果您使用這些折扣優惠券，您將能夠迎接您的下一份帳單而沒有任何擔憂。
2286,4,不要讓帳單總額成為您的負擔。使用這些折扣代碼，它們會為您省錢。
2287,4,帳單折扣卷是節省開支的好方式！
2288,4,憑帳單折扣券可享受特別優惠！
2289,4,這張帳單折扣券可以享受不少優惠呢！
2290,4,把帳單折扣券利用好，就可以省下不少錢呢！
2291,4,現在使用帳單折扣券可享受更多折扣！
2292,4,帳單折扣券兌換簡單快捷，讓您更輕鬆省錢！
2293,4,憑帳單折扣券結帳時將會有更優惠的價格！
2294,4,把您的帳單折扣券拿出來使用，為您省下更多開支！
2295,4,省錢方案之一：使用帳單折扣券享受優惠價格！
2296,4,帳單折扣券讓您在結帳時享受更多的優惠！
2297,4,帳單優惠券一站式訂購，快速輕鬆省錢。
2298,4,懶人包帳單優惠券，讓你輕鬆享受各大優惠。
2299,4,帳單優惠券懶人包，省錢又方便，不容錯過。
2300,4,帳單優惠券大集合，讓你省錢又不用趕場。
2301,4,懶人包帳單優惠券，高端大氣又不負責。
2302,4,帳單優惠券一鍵訂購，不用排隊等待太久。
2303,4,帳單優惠券懶人包，讓你利用空閒時間輕鬆完成。
2304,4,懶人包帳單優惠券全網最優，專屬你的省錢利器。
2305,4,帳單優惠券一站式訂購，告別繁瑣，享受簡單省錢。
2306,4,懶人包帳單優惠券大集合，省錢快人一步，網購不再煩惱。
2307,4,帳單消費券就是讓你在結帳時減少支出的優惠。
2308,4,帳單消費券能夠讓你在付款時享受更多的折扣。
2309,4,帳單消費券是一種讓消費者用更便宜的價格享受商品或服務的方式。
2310,4,帳單消費券可以在你結帳時減少費用，讓你的消費更加省錢。
2311,4,帳單消費券是一種商家回饋消費者的方式，讓你更加享受購物的樂趣。
2312,4,帳單消費券能夠讓你更有效地利用你的資源、金錢和時間。
2313,4,帳單消費券通常在特定的時期或範圍內使用，你需要在有效期內使用。
2314,4,帳單消費券讓你在消費時享有更多的優惠，並能夠在付款時散發出省錢的氣息。
2315,4,帳單消費券具有節省時間和金錢的功效，能夠讓你更加輕鬆地購物。
2316,4,帳單消費券是商家為了吸引更多顧客而推出的禮品，讓你的購物更加實惠。
2317,4,帳單打折卡集合
2318,4,打折卡大全
2319,4,優惠帳單卡一次搞定
2320,4,帳單打折卡來囉！
2321,4,一張卡，多種優惠
2322,4,帳單繳費一起享優惠
2323,4,折扣卡全家福
2324,4,省錢優惠一心來
2325,4,帳單輕鬆打折卡
2326,4,帳單支付享優惠特價
2327,4,帳單購物券一目了然，輕鬆省錢不費力。
2328,4,獲得帳單購物券，足不出戶享受優惠。
2329,4,把握帳單購物券，省錢又省力。
2330,4,無論何時何地，帳單購物券都是最佳選擇。
2331,4,帳單購物券應有盡有，省錢享受快感。
2332,4,簡單易用的帳單購物券，輕鬆獲得最大優惠。
2333,4,不用忙碌搶打折，帳單購物券省錢又舒適。
2334,4,帳單購物券為生活加油，買得更多省錢又實惠。
2335,4,帳單購物券讓購物更好玩，省錢又省時。
2336,4,提高生活品質，從帳單購物券開始。
2337,4,傳送超市購物帳單，獲得購物折扣禮券。
2338,4,購買服務方案後，贈送服務費折扣優惠禮券。
2339,4,客戶每消費滿一定金額，即可獲得現金抵用禮券。
2340,4,註冊成為會員後，即可獲得首次消費優惠禮券。
2341,4,定期使用信用卡消費，可獲得回饋積分兌換禮券。
2342,4,在特定時間內使用指定支付方式消費，即可獲得優惠券禮券。
2343,4,購買指定品牌產品，即可獲得品牌抵用禮券。
2344,4,分享產品資訊給好友，贈送推薦優惠折扣禮券。
2345,4,參加促銷活動，就能獲得折扣優惠禮券。
2346,4,客戶每消費滿一定金額，就可享有满额减免、赠品或折扣禮券。
2347,4,帳單回饋券實在太方便了，可以獲得回饋而不必做太多的事。
2348,4,獲得帳單回饋券就像是輕鬆撿到錢一樣，真的很實惠。
2349,4,利用帳單回饋券可以不用錢來還款，真的是一個非常好的福利。
2350,4,不論在哪裡使用帳單回饋券，都能享有不錯的回饋，真的很優惠。
2351,4,帳單回饋券可以讓你在買東西時省下一些錢，絕對值得一試。
2352,4,用帳單回饋券可以不影響自己的現金流，真的是最方便的還款方式了。
2353,4,有了帳單回饋券，就能在各種消費活動中收穫豐富的回饋，非常划算。
2354,4,使用帳單回饋券不但可以省下一些費用，還能享受其他的優惠，真的很值得。
2355,4,利用帳單回饋券可以有效地提升自己的消費能力，真的很實惠。
2356,4,帳單回饋券是讓你在還款時還能有回饋的好方法，必備的金融福利。
2357,4,「帳單折扣券」簡單促銷，為你省下更多。
2358,4,拿著「帳單折扣券」，折扣更划算。
2359,4,「帳單折扣券」絕對是消費者最佳選擇。
2360,4,既然有「帳單折扣券」，何不立刻選購優惠商品？
2361,4,利用「帳單折扣券」，不管大小額，消費更優惠。
2362,4,買一送一，更配合「帳單折扣券」，讓你買得更划算。
2363,4,「帳單折扣券」看得見的效果，讓你的購物更省錢。
2364,4,不管是食品、用品或服飾，「帳單折扣券」適用範圍廣泛。
2365,4,「帳單折扣券」是你購物的好夥伴。
2366,4,積極收集「帳單折扣券」，省下更多金錢有可能。
2367,4,十張特別優惠券，可以讓你帳單減少支出。
2368,4,趕快使用這十張帳單優待券，享受意想不到的優惠！
2369,4,這十張優待券可以在結帳時使用，讓你省下更多的錢。
2370,4,不要浪費這十張優待券，讓你的帳單更加省錢！
2371,4,這些優待券可以幫你省下大量的開銷，需要快點使用喔！
2372,4,購物時出示這十張優待券，即可享受額外折扣。
2373,4,馬上使用十張帳單優待券，享受結帳時的超值優惠！
2374,4,使用這些優待券，可以讓你的帳單變得更加合理划算。
2375,4,別忘了在結帳時使用這十張優待券，讓你的開銷降至最低。
2376,4,十張優待券等著你去使用，為你的帳單帶來更多優惠！
2377,4,帳單贈券送您啦！
2378,4,您有帳單贈券可以使用。
2379,4,您的消費帳單可享用贈券。
2380,4,您可以使用帳單贈券享受優惠。
2381,4,您的帳單可以兌換贈券哦！
2382,4,您有贈券可使用，請查收帳單。
2383,4,帳單贈券等著您，快去使用吧！
2384,4,您的帳單可以兌換美好禮品。
2385,4,消費後，不要忘了使用帳單贈券喔！
2386,4,帳單贈券已經成功發送到您的帳戶啦！
2387,4,過去未付款項會被折抵到最新的帳款明細中。
2388,4,未支付的帳目將在下一次結算時被扣除，以折抵當前的帳款明細。
2389,4,尚未完成的支付事項將被算入新的帳單中，以扣除當前的帳款明細。
2390,4,未付清的款項將自動折抵到新的帳款明細上，以減少未支付項目。
2391,4,未繳納的帳款會自動折抵到最新的帳單中，以減少未完成的支付事項。
2392,4,未付清的項目將折抵到下一期的帳單上，以扣除當前的帳款明細。
2393,4,未完成的支付事項將被算入下一期的帳單中，以減少未支付項目。
2394,4,未繳納的款項會自動扣除到最新的帳單上，以減少未付款項目。
2395,4,未付款事項會在下一次的帳單中被折抵，以扣除現有的帳款明細。
2396,4,未支付的帳目會被自動折抵到最新的帳款明細中，以減少未完成的支付事項。
2397,4,賬目目錄減免卷
2398,4,抵卷賬目單
2399,4,清單補償卷
2400,4,折扣項目名單
2401,4,懶人包優惠券清單
2402,4,調整賬目清冊優惠卷
2403,4,減價清單補償卷
2404,4,折價項目目錄
2405,4,賬目調整劵清單
2406,4,抵扣優惠名單
2407,4,賬簿折抵卷是一種減少負債和增加資產的財務工具。
2408,4,賬簿折抵卷是指通過減少負債的方式來增加公司的資產。
2409,4,賬簿折抵卷的作用是幫助公司在財務報表中呈現更好的財務狀況。
2410,4,賬簿折抵卷可以使公司擁有更好的資本結構，從而提高公司的信用等級。
2411,4,賬簿折抵卷通常用於減少非流動負債，從而提高公司的流動比率。
2412,4,賬簿折抵卷可以幫助公司減少稅負，提高公司的資產報酬率和股東回報率。
2413,4,賬簿折抵卷可以幫助公司減少盈餘波動，從而維持公司的穩定性和可持續性發展。
2414,4,賬簿折抵卷是一種財務手段，需要按照會計原則進行處理和計算。
2415,4,賬簿折抵卷的運用需要注意風險控制和稅務規劃等問題。
2416,4,賬簿折抵卷是公司財務管理中不可缺少的一部分，有助於提高公司的財務效益和競爭力。
2417,5,我需要查閱這個月份的賬單。
2418,5,可以幫我打印本期的賬單嗎？
2419,5,我想知道本月的消費細節。
2420,5,能不能查看最新的帳單資訊？
2421,5,我需要獲取當月的結算單。
2422,5,請提供最近一期的帳單給我。
2423,5,可以給我這個月的賬單明細嗎？
2424,5,我要查看當前這個月的月結清單。
2425,5,請提供最近的賬單詳情。
2426,5,可以給我當月的結賬明細單嗎？
2427,5,想要查閱當期的帳單紀錄。
2428,5,有需要檢視本期的帳單帳目。
2429,5,想問一下這期的帳單細節。
2430,5,想要確認本月帳單是否已出。
2431,5,想要查詢最近一期的帳單明細。
2432,5,有想要察看這個月的賬單紀錄。
2433,5,想知道這個周期的账单详情。
2434,5,有需要查询当前账单的内容。
2435,5,想要了解本次账单的详细信息。
2436,5,要查看这期账单记录，可以吗？
2437,5,我想要查詢本期帳款的明細。
2438,5,我想查看本期帳單的具體細節。
2439,5,我需要了解本期帳單的明細，請給我提供相關資訊。
2440,5,我需要獲取本期帳單的詳細資訊，請協助給予相應的指引。
2441,5,我希望能夠查詢本期所有帳款的明細，請問可以提供相應服務嗎？
2442,5,我需要查詢本期帳單的對帳明細，可以提供協助嗎？
2443,5,我想要查閱本期帳單的詳細款項，請提供相關的解決方案。
2444,5,我需要拿到本期帳單的資料，可以提供相應的服務嗎？
2445,5,我希望能夠查詢所有本期帳款的明細，是否能夠協助我？
2446,5,我需要詳細了解本期帳款的明細，請給我提供相關的信息或文件。
2447,5,我要查閱這個期間的賬目清單。
2448,5,能不能給我這期的支出明細？
2449,5,我想查看這個月的賬單。
2450,5,請提供本月財務記錄。
2451,5,我需要本月的帳單列表。
2452,5,可以給我這段時間的支出報告嗎？
2453,5,我要查詢這個期間的交易記錄。
2454,5,請提供我這段時間的財務簿冊。
2455,5,能不能提供我這個時間段的銀行交易明細表？
2456,5,我需要這個季度的財務報告。
2457,5,我想查看這一期的帳目。
2458,5,我需要檢視本月的收支情況。
2459,5,請幫我檢查最近的帳本資料。
2460,5,我想查詢本期間的財務報告。
2461,5,請提供最新的賬簿明細。
2462,5,我希望知道這段時間的開支總額。
2463,5,請給我本期財務狀況的概觀。
2464,5,我需要檢查最近幾周的收支情況。
2465,5,請幫我查詢本月開支的詳細明細。
2466,5,我希望了解這段時間的資產負債狀況。
2467,5,我想查詢我名下其他遠傳手機門號的費用總計。
2468,5,請問我還有哪些遠傳手機門號需要支付費用？
2469,5,能否告訴我我名下所有遠傳手機門號的費用項目？
2470,5,我需要查詢我名下其他遠傳手機門號的消費明細及費用。
2471,5,能否提供我名下其他遠傳手機門號的帳單細節？
2472,5,我希望知道我名下其他遠傳手機門號的費用總額。
2473,5,我需要查詢我名下所有遠傳手機門號的實際費用。
2474,5,能否提供我名下所有遠傳手機門號的最新費用總計？
2475,5,我需要了解我名下其他遠傳手機門號的消費詳情以及費用情況。
2476,5,請問我名下其他遠傳手機門號的費用總額是否已支付清楚？
2477,5,手機號碼被停用了。
2478,5,我的手機號碼無法拨打电话了。
2479,5,我的电话号码已经停用了。
2480,5,我的电话无法使用。
2481,5,我的号码已经被停机了。
2482,5,我的手机没有信号了。
2483,5,无法接收来电，请检查手机是否停机。
2484,5,我的电话服务已经停用了。
2485,5,电话号码暂时无法使用。
2486,5,我的电话号码出现问题，无法使用。
2487,5,手機停用。
2488,5,电话暂停。
2489,5,停用电话号码。
2490,5,停止使用电话。
2491,5,手机暂停。
2492,5,电话号码停机。
2493,5,中断通话功能。
2494,5,无法使用电话。
2495,5,拒绝接听电话。
2496,5,取消使用手机。
2497,5,手機號碼已停用。
2498,5,此手機號碼已中斷使用。
2499,5,你使用的手機號碼已被停機。
2500,5,手機號碼已經停止使用。
2501,5,手機號碼已停止運作。
2502,5,這個手機號碼已被關閉使用。
2503,5,此手機號碼已被設為停機狀態。
2504,5,您的手機號碼已經暫停使用。
2505,5,手機號碼已經停用不可用。
2506,5,您的手機號碼已經被停用。
2507,5,手機已失去網路連線功能，暫停服務。
2508,5,手機網路信號無法識別，暫停通話和簡訊服務。
2509,5,由於網路故障，暫停手機的網路提供服務。
2510,5,手機卡片出現故障，暫停手機的所有功能。
2511,5,手機設備檢測到異常，暫停手機的所有服務。
2512,5,手機接收到不明訊息，因安全考量暫停服務。
2513,5,手機網路設定發生異常，暫停所有網路通訊服務。
2514,5,手機操作系統損壞，暫停所有手機功能。
2515,5,手機訊號搜尋失敗，暫停網路連線服務。
2516,5,手機出現不明問題，暫停所有手機功能，請等待進一步診斷。
2517,5,手機編碼暫停
2518,5,手機編碼停話
2519,5,手機編碼停通
2520,5,手機編碼停信
2521,5,手機編碼停訊
2522,5,手機編碼停音
2523,5,手機編碼停聲
2524,5,手機編碼暫停通訊
2525,5,手機編碼暫停通話
2526,5,手機編碼暫停訊息
2527,5,手機號碼因為欠費已經停機了。
2528,5,這個號碼由於未繳費用，已被暫停使用。
2529,5,因為費用未繳清，手機號碼已暫停使用。
2530,5,這個手機號碼因為未繳費用而被停用。
2531,5,由於欠費情況，此號碼已經停止使用。
2532,5,手機號碼暫停服務因為費用未繳。
2533,5,這個號碼因為未繳費用而被停止使用。
2534,5,手機號碼因為欠費問題而暫停使用。
2535,5,由於未繳費用，此手機號碼已停止使用。
2536,5,費用未繳清，此號碼已暫停使用。
2537,5,手機識別碼遭到停機處理。
2538,5,手機認識碼已被暫停期限之內。
2539,5,手機辨識碼被設定暫停狀態。
2540,5,手機識別號碼已經被停用。
2541,5,手機識別碼被限制使用。
2542,5,手機認識碼是否已處於停機狀態。
2543,5,手機辨識碼已實施停機措施。
2544,5,手機識別號碼已經被禁用。
2545,5,手機識別碼已被停用，不可通話。
2546,5,手機認識碼不符合使用規範，已被停機。
2547,5,手機被列入停機名單。
2548,5,手機已被設定為失效。
2549,5,手機無法進行通話和短信功能。
2550,5,該手機號碼已停止使用。
2551,5,手機已取消通訊功能。
2552,5,手機已被暫停使用。
2553,5,該號碼已被設定為無效。
2554,5,該手機已無法連接到網路。
2555,5,手機已被列入黑名單。
2556,5,該手機已無法進行呼叫和簡訊操作。
2557,5,0912345678暫停使用。
2558,5,0987654321已停止服務。
2559,5,0934567890已編碼停機。
2560,5,0954321789已暫停使用。
2561,5,0923456781已中斷服務。
2562,5,0943215678暫停連線。
2563,5,0976543210已停用號碼。
2564,5,0967890123已關閉服務。
2565,5,0901234567已編碼停用。
2566,5,0998765432已終止服務。
2567,5,手機序列號已被停用。
2568,5,這部手機的序列號已經被停機了。
2569,5,此手機的序列號已被停止使用。
2570,5,這部手機已經被停用了序列號。
2571,5,此手機的序號已被凍結。
2572,5,這個手機的序列號已經被停止。
2573,5,這部手機的序號已被註銷。
2574,5,此手機的序列號已經被禁用。
2575,5,這個手機的序列號已經失效了。
2576,5,此手機的序列號已經被撤銷。
2577,5,0912345678
2578,5,0923456789
2579,5,0934567890
2580,5,0945678901
2581,5,0956789012
2582,5,0967890123
2583,5,0978901234
2584,5,0989012345
2585,5,0990123456
2586,5,0901234567
2587,5,手機IMEI號碼已被列入停機名單。
2588,5,這個手機的識別號碼已經被停機了。
2589,5,該手機的識別號已經被加入停機清單中。
2590,5,由於手機識別號碼被列入停機名單，無法繼續使用。
2591,5,該手機現在無法通過識別號碼進行通訊，因為它已被停機。
2592,5,收到手機識別號停機指令，該手機已停止通訊。
2593,5,該手機的識別號已被標記為停機狀態，已無法拨打或接收通话。
2594,5,由於手機識別號碼已被停機，這個手機無法使用。
2595,5,該手機已被列入停機名單，識別號碼無法使用。
2596,5,手機識別號碼被加入停機名單，該手機將無法使用。
2597,5,手機號碼被暫停服務。
2598,5,手機號已停用。
2599,5,門號已被停機。
2600,5,手機號碼被停權。
2601,5,手機門號被凍結。
2602,5,門號因欠費已停用。
2603,5,手機欠費未付，號碼已被停機。
2604,5,手機號碼因違規已被停用。
2605,5,手機號遭到停機處理。
2606,5,手機號違反規定，已被暫停使用。
2607,5,停用移動通訊器門號。
2608,5,關閉移動通訊器門號。
2609,5,中止移動通訊器門號。
2610,5,停止使用移動通訊器門號。
2611,5,暫停移動通訊器門號的使用。
2612,5,終止移動通訊器門號的服務。
2613,5,斷開移動通訊器門號的聯繫。
2614,5,消除移動通訊器門號的連結。
2615,5,取消移動通訊器門號的操作權。
2616,5,使移動通訊器門號失效。
2617,5,手機已經被暫停使用。
2618,5,手機已被凍結。
2619,5,手機已經無法使用。
2620,5,手機停機中，請稍候再嘗試。
2621,5,手機號碼已被暫停。
2622,5,手機號碼已被中斷。
2623,5,手機裝置目前無法運作。
2624,5,手機停用中，請稍後再試。
2625,5,手機號碼目前停擺中。
2626,5,手機目前暫停使用，請稍後重試。
2627,5,手機卡已停止服務
2628,5,本門號已停用
2629,5,該號碼已被暫停使用
2630,5,該號碼已暫停啟用
2631,5,此號碼已被關停
2632,5,本門號已停止通訊服務
2633,5,手機號碼已暫停使用
2634,5,本號已停止運營
2635,5,該號碼停用中
2636,5,手機服務已被暫停
2637,5,最後一張帳單在您攜出後已寄出，請注意查收。
2638,5,攜出後最後一期帳單已經給您寄送完畢，請耐心等待。
2639,5,最後一張帳單已送達您的郵箱，請查看。
2640,5,我們已寄送您攜出後最後一期帳單，請確認收到。
2641,5,關於您的攜出後最後一張帳單，我們已經寄出，請注意查收。
2642,5,攜出後最後一期的帳單已寄發，請查閱您的郵箱。
2643,5,您的最後一張帳單已經成功寄出，請注意查收。
2644,5,我們已經寄送您的攜出後最後一期帳單，請確認您已收到。
2645,5,您的攜出後最後一張帳單已經發送，請注意查收。
2646,5,最後一期帳單已寄送至您的郵箱，請檢查您的郵件箱。
